at_vs,Opponent,League,GS,AB,R,H,2B,3B,HR,RBI,BB,IBB,SO,HBP,SH,SF,XI,ROE,GDP,SB,CS,AVG,OBP,SLG,BP,Pos,Date,dblhead_num
VS,NY,A,1,0,0,0,0,0,0,0,0,0,0,0,0,0,0,0,0,0,0,-,-,-,0,p,6-10-2010,
AT,SF,N,1,3,0,0,0,0,0,0,0,0,1,0,0,0,0,0,0,0,0,.000,.000,.000,9,p,6-15-2010,
AT,SD,N,1,0,0,0,0,0,0,0,1,0,0,0,0,0,0,0,0,0,0,.000,.250,.000,9,p,6-20-2010,
VS,WAS,N,1,0,0,0,0,0,0,0,0,0,0,0,0,0,0,0,0,0,0,.000,.250,.000,0,p,6-25-2010,
VS,OAK,A,1,0,0,0,0,0,0,0,0,0,0,0,0,0,0,0,0,0,0,.000,.250,.000,0,p,7- 1-2010,
AT,DET,A,1,0,0,0,0,0,0,0,0,0,0,0,0,0,0,0,0,0,0,.000,.250,.000,0,p,7- 6-2010,
AT,TEX,A,1,0,0,0,0,0,0,0,0,0,0,0,0,0,0,0,0,0,0,.000,.250,.000,0,p,7-11-2010,
VS,TB,A,1,0,0,0,0,0,0,0,0,0,0,0,0,0,0,0,0,0,0,.000,.250,.000,0,p,7-20-2010,
VS,MIN,A,1,0,0,0,0,0,0,0,0,0,0,0,0,0,0,0,0,0,0,.000,.250,.000,0,p,7-25-2010,
AT,KC,A,1,0,0,0,0,0,0,0,0,0,0,0,0,0,0,0,0,0,0,.000,.250,.000,0,p,7-30-2010,
VS,ANA,A,1,0,0,0,0,0,0,0,0,0,0,0,0,0,0,0,0,0,0,.000,.250,.000,0,p,8- 5-2010,
AT,CLE,A,1,0,0,0,0,0,0,0,0,0,0,0,0,0,0,0,0,0,0,.000,.250,.000,0,p,8-10-2010,
AT,TB,A,1,0,0,0,0,0,0,0,0,0,0,0,0,0,0,0,0,0,0,.000,.250,.000,0,p,8-15-2010,
VS,TEX,A,1,0,0,0,0,0,0,0,0,0,0,0,0,0,0,0,0,0,0,.000,.250,.000,0,p,8-20-2010,
AT,CHI,A,1,0,0,0,0,0,0,0,0,0,0,0,0,0,0,0,0,0,0,.000,.250,.000,0,p,8-26-2010,
VS,BOS,A,1,0,0,0,0,0,0,0,0,0,0,0,0,0,0,0,0,0,0,.000,.250,.000,0,p,9- 1-2010,
AT,NY,A,1,0,0,0,0,0,0,0,0,0,0,0,0,0,0,0,0,0,0,.000,.250,.000,0,p,9- 7-2010,
VS,TOR,A,1,0,0,0,0,0,0,0,0,0,0,0,0,0,0,0,0,0,0,.000,.250,.000,0,p,9-14-2010,
VS,DET,A,1,0,0,0,0,0,0,0,0,0,0,0,0,0,0,0,0,0,0,-,-,-,0,p,4- 4-2011,
VS,TEX,A,1,0,0,0,0,0,0,0,0,0,0,0,0,0,0,0,0,0,0,-,-,-,0,p,4- 9-2011,2
AT,NY,A,1,0,0,0,0,0,0,0,0,0,0,0,0,0,0,0,0,0,0,-,-,-,0,p,4-14-2011,
VS,MIN,A,1,0,0,0,0,0,0,0,0,0,0,0,0,0,0,0,0,0,0,-,-,-,0,p,4-19-2011,
VS,NY,A,1,0,0,0,0,0,0,0,0,0,0,0,0,0,0,0,0,0,0,-,-,-,0,p,4-24-2011,
AT,CHI,A,1,0,0,0,0,0,0,0,0,0,0,0,0,0,0,0,0,0,0,-,-,-,0,p,4-29-2011,
AT,KC,A,1,0,0,0,0,0,0,0,0,0,0,0,0,0,0,0,0,0,0,-,-,-,0,p,5- 4-2011,
VS,SEA,A,1,0,0,0,0,0,0,0,0,0,0,0,0,0,0,0,0,0,0,-,-,-,0,p,5-10-2011,
AT,TB,A,1,0,0,0,0,0,0,0,0,0,0,0,0,0,0,0,0,0,0,-,-,-,0,p,5-15-2011,
VS,WAS,N,1,0,0,0,0,0,0,0,0,0,0,0,0,0,0,0,0,0,0,-,-,-,0,p,5-20-2011,
VS,KC,A,1,0,0,0,0,0,0,0,0,0,0,0,0,0,0,0,0,0,0,-,-,-,0,p,5-25-2011,
AT,SEA,A,1,0,0,0,0,0,0,0,0,0,0,0,0,0,0,0,0,0,0,-,-,-,0,p,5-30-2011,
VS,TOR,A,1,0,0,0,0,0,0,0,0,0,0,0,0,0,0,0,0,0,0,-,-,-,0,p,6- 4-2011,
VS,TB,A,1,0,0,0,0,0,0,0,0,0,0,0,0,0,0,0,0,0,0,-,-,-,0,p,6-10-2011,
AT,TOR,A,1,0,0,0,0,0,0,0,0,0,0,0,0,0,0,0,0,0,0,-,-,-,0,p,6-15-2011,
AT,PIT,N,1,2,0,1,0,0,0,1,0,0,0,0,1,0,0,0,0,0,0,.500,.500,.500,9,p,6-20-2011,
AT,ATL,N,1,2,0,0,0,0,0,0,0,0,1,0,0,0,0,0,0,0,0,.250,.250,.250,9,p,7- 2-2011,
AT,BOS,A,1,0,0,0,0,0,0,0,0,0,0,0,0,0,0,0,0,0,0,.250,.250,.250,0,p,7- 7-2011,
VS,CLE,A,1,0,0,0,0,0,0,0,0,0,0,0,0,0,0,0,0,0,0,.250,.250,.250,0,p,7-15-2011,
VS,BOS,A,1,0,0,0,0,0,0,0,0,0,0,0,0,0,0,0,0,0,0,.250,.250,.250,0,p,7-20-2011,
AT,TOR,A,1,0,0,0,0,0,0,0,0,0,0,0,0,0,0,0,0,0,0,.250,.250,.250,0,p,7-26-2011,
AT,NY,A,1,0,0,0,0,0,0,0,0,0,0,0,0,0,0,0,0,0,0,.250,.250,.250,0,p,7-31-2011,
VS,MIN,A,1,0,0,0,0,0,0,0,0,0,0,0,0,0,0,0,0,0,0,-,-,-,0,p,4- 6-2012,
VS,NY,A,1,0,0,0,0,0,0,0,0,0,0,0,0,0,0,0,0,0,0,-,-,-,0,p,4-11-2012,
AT,CHI,A,1,0,0,0,0,0,0,0,0,0,0,0,0,0,0,0,0,0,0,-,-,-,0,p,4-16-2012,
AT,ANA,A,1,0,0,0,0,0,0,0,0,0,0,0,0,0,0,0,0,0,0,-,-,-,0,p,4-21-2012,
VS,OAK,A,1,0,0,0,0,0,0,0,0,0,0,0,0,0,0,0,0,0,0,-,-,-,0,p,4-27-2012,
AT,NY,A,1,0,0,0,0,0,0,0,0,0,0,0,0,0,0,0,0,0,0,-,-,-,0,p,5- 2-2012,
VS,TEX,A,1,0,0,0,0,0,0,0,0,0,0,0,0,0,0,0,0,0,0,-,-,-,0,p,5- 8-2012,
VS,TB,A,1,0,0,0,0,0,0,0,0,0,0,0,0,0,0,0,0,0,0,-,-,-,0,p,5-13-2012,
AT,WAS,N,1,2,0,0,0,0,0,0,0,0,2,0,0,0,0,0,0,0,0,.000,.000,.000,9,p,5-18-2012,
VS,BOS,A,1,0,0,0,0,0,0,0,0,0,0,0,0,0,0,0,0,0,0,.000,.000,.000,0,p,5-23-2012,
AT,TOR,A,1,0,0,0,0,0,0,0,0,0,0,0,0,0,0,0,0,0,0,.000,.000,.000,0,p,5-29-2012,
AT,TB,A,1,0,0,0,0,0,0,0,0,0,0,0,0,0,0,0,0,0,0,.000,.000,.000,0,p,6- 3-2012,
VS,PHI,N,1,0,0,0,0,0,0,0,0,0,0,0,0,0,0,0,0,0,0,.000,.000,.000,0,p,6- 8-2012,
VS,PIT,N,1,0,0,0,0,0,0,0,0,0,0,0,0,0,0,0,0,0,0,.000,.000,.000,0,p,6-13-2012,
AT,NY,N,1,1,0,0,0,0,0,0,1,0,0,0,0,0,0,0,0,0,0,.000,.250,.000,9,p,6-18-2012,
VS,WAS,N,1,0,0,0,0,0,0,0,0,0,0,0,0,0,0,0,0,0,0,.000,.250,.000,0,p,6-24-2012,
VS,CLE,A,1,0,0,0,0,0,0,0,0,0,0,0,0,0,0,0,0,0,0,.000,.250,.000,0,p,6-29-2012,
AT,ANA,A,1,0,0,0,0,0,0,0,0,0,0,0,0,0,0,0,0,0,0,.000,.250,.000,0,p,7- 5-2012,
VS,NY,A,0,0,0,0,0,0,0,0,0,0,0,0,0,0,0,0,0,0,0,.000,.250,.000,0,p,9- 9-2012,
AT,OAK,A,0,0,0,0,0,0,0,0,0,0,0,0,0,0,0,0,0,0,0,.000,.250,.000,0,p,9-14-2012,
AT,SEA,A,0,0,0,0,0,0,0,0,0,0,0,0,0,0,0,0,0,0,0,.000,.250,.000,0,p,9-18-2012,
AT,BOS,A,0,0,0,0,0,0,0,0,0,0,0,0,0,0,0,0,0,0,0,.000,.250,.000,0,p,9-22-2012,
VS,TOR,A,0,0,0,0,0,0,0,0,0,0,0,0,0,0,0,0,0,0,0,.000,.250,.000,0,p,9-24-2012,2
AT,TB,A,0,0,0,0,0,0,0,0,0,0,0,0,0,0,0,0,0,0,0,.000,.250,.000,0,p,10- 3-2012,
VS,MIL,N,1,1,0,0,0,0,0,0,0,0,1,0,1,0,0,0,0,0,0,.000,.000,.000,9,p,7-30-2013,2
VS,STL,N,1,2,0,0,0,0,0,1,0,0,1,0,1,0,0,0,0,0,0,.000,.000,.000,9,p,8-16-2013,
VS,WAS,N,1,1,0,0,0,0,0,0,0,0,0,0,0,0,0,0,0,0,0,.000,.000,.000,9,p,8-21-2013,
AT,LA,N,1,2,0,0,0,0,0,0,0,0,2,0,0,0,0,0,0,0,0,.000,.000,.000,9,p,8-26-2013,
VS,PHI,N,1,3,0,1,0,0,0,0,0,0,1,0,0,0,0,0,0,0,0,.111,.111,.111,9,p,9- 1-2013,
VS,MIL,N,1,1,0,1,0,0,0,0,0,0,0,0,0,0,0,0,0,0,0,.200,.200,.200,9,p,9- 7-2013,
AT,PIT,N,1,2,0,0,0,0,0,0,0,0,2,0,0,0,0,0,0,0,0,.167,.167,.167,9,p,9-13-2013,
AT,MIL,N,1,1,0,0,0,0,0,1,0,0,1,0,2,0,0,0,0,0,0,.154,.154,.154,9,p,9-19-2013,
VS,PIT,N,1,2,0,0,0,0,0,0,0,0,2,0,0,0,0,0,0,0,0,.133,.133,.133,9,p,9-25-2013,
VS,STL,N,1,2,0,0,0,0,0,0,0,0,1,0,0,0,0,0,0,0,0,.000,.000,.000,9,p,5- 3-2014,
AT,CHI,A,1,0,0,0,0,0,0,0,0,0,0,0,0,0,0,0,0,0,0,.000,.000,.000,0,p,5- 8-2014,
AT,STL,N,1,2,1,1,0,0,0,0,0,0,0,0,0,0,0,0,0,0,0,.250,.250,.250,9,p,5-13-2014,
AT,SD,N,1,2,0,0,0,0,0,0,0,0,1,0,1,0,0,0,1,0,0,.167,.167,.167,9,p,5-22-2014,
AT,SF,N,1,2,0,1,0,0,0,0,0,0,0,0,0,0,0,0,0,0,0,.250,.250,.250,9,p,5-27-2014,
VS,NY,N,1,1,0,0,0,0,0,0,0,0,1,0,0,0,0,0,0,0,0,.222,.222,.222,9,p,6- 3-2014,
VS,MIA,N,1,2,0,0,0,0,0,0,0,0,0,0,0,0,0,0,0,0,0,.182,.182,.182,9,p,6- 8-2014,
AT,PHI,N,1,2,0,0,0,0,0,0,0,0,1,0,0,0,0,0,0,0,0,.154,.154,.154,9,p,6-13-2014,
AT,MIA,N,1,2,0,1,1,0,0,0,0,0,1,0,1,0,0,0,0,0,0,.200,.200,.267,9,p,6-18-2014,
VS,CIN,N,1,1,1,0,0,0,0,0,1,0,0,0,0,0,0,0,0,0,0,.188,.235,.250,9,p,6-24-2014,
AT,BOS,A,1,0,0,0,0,0,0,0,0,0,0,0,0,0,0,0,0,0,0,.188,.235,.250,0,p,6-30-2014,
AT,WAS,N,1,2,0,0,0,0,0,0,0,0,1,0,0,0,0,0,0,0,0,.167,.211,.222,9,p,7- 6-2014,
VS,ATL,N,1,1,0,0,0,0,0,1,0,0,1,0,2,0,0,0,0,0,0,.158,.200,.211,9,p,7-11-2014,
AT,ARI,N,1,2,0,0,0,0,0,0,0,0,1,0,0,0,0,0,0,0,0,.143,.182,.190,9,p,7-20-2014,
VS,STL,N,1,1,0,0,0,0,0,0,0,0,1,0,0,0,0,0,0,0,0,.136,.174,.182,9,p,7-26-2014,
VS,COL,N,0,1,0,0,0,0,0,0,0,0,1,0,0,0,0,0,0,0,0,.130,.167,.174,9,ph,7-29-2014,
VS,COL,N,1,1,0,0,0,0,0,0,0,0,1,0,1,0,0,0,0,0,0,.125,.160,.167,9,p,7-31-2014,
AT,COL,N,1,1,0,0,0,0,0,0,0,0,0,0,1,0,0,0,0,0,0,.120,.154,.160,9,p,8- 6-2014,
VS,MIL,N,1,2,0,1,0,0,0,0,0,0,1,0,0,0,0,0,0,0,0,.148,.179,.185,9,p,8-11-2014,
AT,NY,N,1,2,0,0,0,0,0,0,0,0,0,0,0,0,0,0,0,0,0,.138,.167,.172,9,p,8-17-2014,
VS,BAL,A,1,2,0,1,0,0,0,0,0,0,1,0,0,0,0,0,0,0,0,.161,.188,.194,9,p,8-22-2014,
AT,CIN,N,1,1,0,0,0,0,0,0,0,0,0,0,0,0,0,0,0,0,0,.156,.182,.188,9,p,8-28-2014,
VS,MIL,N,1,1,0,0,0,0,0,0,1,0,0,0,0,0,0,0,0,0,0,.152,.200,.182,9,p,9- 2-2014,
AT,TOR,A,1,0,0,0,0,0,0,0,0,0,0,0,0,0,0,0,0,0,0,.152,.200,.182,0,p,9- 9-2014,
VS,CIN,N,1,4,1,1,1,0,0,0,0,0,2,0,0,0,0,0,0,0,0,.162,.205,.216,9,p,9-16-2014,
VS,STL,N,1,2,0,1,0,1,0,2,0,0,1,0,0,0,0,0,0,0,0,.179,.220,.282,9,p,9-24-2014,
VS,STL,N,1,2,0,0,0,0,0,0,0,0,2,0,0,0,0,0,0,0,0,.000,.000,.000,8,p,4- 8-2015,
VS,CIN,N,1,2,0,0,0,0,0,0,0,0,2,0,0,0,0,0,0,0,0,.000,.000,.000,8,p,4-14-2015,
AT,PIT,N,1,3,0,0,0,0,0,0,0,0,0,0,0,0,0,0,1,0,0,.000,.000,.000,8,p,4-20-2015,
AT,CIN,N,1,3,0,0,0,0,0,0,0,0,2,0,0,0,0,0,0,0,0,.000,.000,.000,8,p,4-26-2015,
VS,MIL,N,1,1,0,0,0,0,0,0,0,0,1,0,0,0,0,0,0,0,0,.000,.000,.000,8,p,5- 2-2015,
AT,STL,N,1,2,0,0,0,0,0,0,0,0,1,0,0,0,0,0,0,0,0,.000,.000,.000,8,p,5- 7-2015,
VS,NY,N,1,4,0,0,0,0,0,0,0,0,4,0,0,0,0,0,0,0,0,.000,.000,.000,8,p,5-12-2015,
VS,PIT,N,1,2,0,0,0,0,0,0,0,0,1,0,0,0,0,0,0,0,0,.000,.000,.000,8,p,5-17-2015,
AT,ARI,N,1,2,0,0,0,0,0,0,0,0,1,0,0,0,0,0,0,0,0,.000,.000,.000,8,p,5-23-2015,
VS,KC,A,1,2,0,0,0,0,0,0,0,0,2,0,0,0,0,0,0,0,0,.000,.000,.000,8,p,5-29-2015,
AT,WAS,N,1,2,0,0,0,0,0,0,0,0,1,0,0,0,0,0,0,0,0,.000,.000,.000,8,p,6- 4-2015,
AT,DET,A,1,0,0,0,0,0,0,0,0,0,0,0,0,0,0,0,0,0,0,.000,.000,.000,0,p,6-10-2015,
VS,CLE,A,1,2,0,0,0,0,0,0,0,0,1,0,0,0,0,0,0,0,0,.000,.000,.000,8,p,6-16-2015,
AT,MIN,A,1,0,0,0,0,0,0,0,0,0,0,0,0,0,0,0,0,0,0,.000,.000,.000,0,p,6-21-2015,
AT,STL,N,1,2,0,1,0,0,0,0,0,0,0,0,1,0,0,0,0,0,0,.034,.034,.034,8,p,6-26-2015,
AT,NY,N,1,4,0,0,0,0,0,0,0,0,2,0,0,0,0,0,0,0,0,.030,.030,.030,8,p,7- 2-2015,
VS,STL,N,1,3,1,2,0,0,0,0,0,0,0,0,0,0,0,0,0,0,0,.083,.083,.083,8,p,7- 7-2015,1
VS,CHI,A,1,2,1,1,0,0,1,1,0,0,1,0,1,0,0,0,0,0,0,.105,.105,.184,8,p,7-12-2015,
AT,ATL,N,1,3,0,1,0,0,0,0,0,0,2,0,0,0,0,0,0,0,0,.122,.122,.195,8,p,7-19-2015,
VS,PHI,N,1,1,0,0,0,0,0,0,0,0,1,0,0,0,0,0,0,0,0,.119,.119,.190,8,p,7-25-2015,
AT,MIL,N,1,1,0,0,0,0,0,0,0,0,1,0,1,0,0,0,0,0,0,.116,.116,.186,8,p,7-30-2015,
AT,PIT,N,1,4,0,1,0,0,0,0,0,0,1,0,0,0,0,0,0,0,0,.128,.128,.191,8,p,8- 4-2015,
VS,SF,N,1,3,1,1,0,1,0,0,0,0,2,0,0,0,0,0,0,0,0,.140,.140,.240,8,p,8- 9-2015,
AT,CHI,A,1,0,0,0,0,0,0,0,0,0,0,0,0,0,0,0,0,0,0,.140,.140,.240,0,p,8-15-2015,
VS,ATL,N,1,3,0,0,0,0,0,0,0,0,2,0,0,0,0,0,0,0,0,.132,.132,.226,8,p,8-20-2015,
AT,SF,N,1,3,1,1,1,0,0,0,0,0,2,0,0,0,0,0,0,0,0,.143,.143,.250,8,p,8-25-2015,
AT,LA,N,1,4,0,1,0,0,0,0,0,0,3,0,0,0,0,0,0,0,0,.150,.150,.250,8,p,8-30-2015,
VS,ARI,N,1,3,0,0,0,0,0,0,0,0,3,0,0,0,0,0,0,0,0,.143,.143,.238,8,p,9- 5-2015,
AT,PHI,N,1,3,0,0,0,0,0,0,1,0,2,0,0,0,0,0,0,0,0,.136,.149,.227,8,p,9-11-2015,1
AT,PIT,N,1,4,0,1,0,0,0,0,0,0,2,0,0,0,0,0,0,0,0,.143,.155,.229,9,p,9-16-2015,
VS,MIL,N,1,3,0,1,0,0,0,0,0,0,1,0,0,0,0,0,0,0,0,.151,.162,.233,9,p,9-22-2015,
VS,PIT,N,1,3,1,1,0,0,1,1,0,0,1,0,0,0,0,0,0,0,0,.158,.169,.276,9,p,9-27-2015,
AT,MIL,N,1,3,0,0,0,0,0,0,0,0,1,0,0,0,0,0,0,0,0,.152,.163,.266,8,p,10- 2-2015,
AT,ANA,A,1,0,0,0,0,0,0,0,0,0,0,0,0,0,0,0,0,0,0,-,-,-,0,p,4- 4-2016,
AT,ARI,N,1,3,1,1,0,0,1,2,0,0,2,0,0,0,0,0,0,0,0,.333,.333,1.333,9,p,4-10-2016,
VS,COL,N,1,4,0,0,0,0,0,0,0,0,2,0,0,0,0,0,0,0,0,.143,.143,.571,9,p,4-16-2016,
AT,CIN,N,1,4,1,2,0,0,0,0,1,0,1,0,0,0,0,0,0,0,0,.273,.333,.545,9,p,4-21-2016,
VS,MIL,N,1,2,0,0,0,0,0,0,0,0,0,0,0,0,0,0,0,0,0,.231,.286,.462,9,p,4-28-2016,
AT,PIT,N,1,2,0,1,0,0,0,1,1,0,1,0,0,0,0,0,0,0,0,.267,.353,.467,9,p,5- 3-2016,
VS,WAS,N,1,1,0,0,0,0,0,0,0,0,1,0,0,0,0,0,0,0,0,.250,.333,.438,9,p,5- 8-2016,
VS,PIT,N,1,2,0,0,0,0,0,0,1,0,1,0,0,0,0,0,0,0,0,.222,.333,.389,9,p,5-14-2016,
AT,SF,N,1,3,0,1,0,0,0,1,0,0,0,0,0,0,0,0,0,0,0,.238,.333,.381,9,p,5-20-2016,
AT,STL,N,1,2,0,0,0,0,0,0,0,0,1,0,0,0,0,0,0,0,0,.217,.308,.348,9,p,5-25-2016,
VS,LA,N,1,2,0,0,0,0,0,0,0,0,2,0,0,0,0,0,0,0,0,.200,.286,.320,9,p,5-31-2016,
VS,ARI,N,1,1,0,1,1,0,0,1,0,0,0,0,1,0,0,0,0,0,0,.231,.310,.385,9,p,6- 5-2016,
AT,ATL,N,1,3,1,2,0,0,0,0,0,0,0,0,0,0,0,0,0,0,0,.276,.344,.414,9,p,6-11-2016,
VS,PIT,N,1,1,0,0,0,0,0,0,1,0,1,0,0,0,0,0,0,0,0,.267,.353,.400,9,p,6-17-2016,
VS,STL,N,1,1,0,0,0,0,0,0,0,0,1,0,0,0,0,0,0,0,0,.258,.343,.387,9,p,6-22-2016,
AT,CIN,N,1,3,2,2,0,0,1,1,0,0,1,0,0,0,0,0,0,0,0,.294,.368,.500,9,p,6-27-2016,
AT,NY,N,1,2,0,1,0,0,0,0,0,0,1,0,0,0,0,0,0,0,0,.306,.375,.500,9,p,7- 2-2016,
AT,PIT,N,1,3,0,0,0,0,0,0,0,0,2,0,0,0,0,0,1,0,0,.282,.349,.462,9,p,7- 8-2016,
VS,NY,N,1,2,0,1,1,0,0,0,0,0,1,0,0,0,0,0,0,0,0,.293,.356,.488,9,p,7-19-2016,
AT,CHI,A,1,0,0,0,0,0,0,0,0,0,0,0,0,0,0,0,0,0,0,.293,.356,.488,0,p,7-25-2016,
VS,SEA,A,1,2,0,0,0,0,0,0,0,0,2,0,0,0,0,0,0,0,0,.279,.340,.465,9,p,7-30-2016,
AT,OAK,A,1,0,0,0,0,0,0,0,0,0,0,0,0,0,0,0,0,0,0,.279,.340,.465,0,p,8- 6-2016,
VS,STL,N,1,3,0,1,0,0,0,0,0,0,2,0,0,0,0,0,0,0,0,.283,.340,.457,9,p,8-12-2016,
VS,MIL,N,1,3,0,0,0,0,0,0,0,0,1,0,0,0,0,0,0,0,0,.265,.321,.429,9,p,8-18-2016,
AT,SD,N,1,4,1,1,0,1,0,0,0,0,1,0,0,0,0,0,0,0,0,.264,.316,.453,9,p,8-23-2016,
VS,PIT,N,1,3,0,1,0,0,0,0,0,0,2,0,0,0,0,0,0,0,0,.268,.317,.446,9,p,8-29-2016,
VS,SF,N,1,2,0,1,0,0,0,1,0,0,1,0,0,0,0,0,0,0,0,.276,.323,.448,8,p,9- 3-2016,
AT,HOU,A,1,0,0,0,0,0,0,0,0,0,0,0,0,0,0,0,0,0,0,.276,.323,.448,0,p,9-11-2016,
VS,MIL,N,1,2,0,0,0,0,0,0,0,0,0,0,0,0,0,0,0,0,0,.267,.313,.433,9,p,9-17-2016,
VS,STL,N,1,3,1,1,0,0,0,0,0,0,1,0,0,0,0,0,0,0,0,.270,.313,.429,9,p,9-23-2016,
AT,PIT,N,1,2,0,0,0,0,0,0,0,0,0,0,0,0,0,0,0,0,0,.262,.304,.415,9,p,9-28-2016,
AT,STL,N,1,2,0,1,0,0,0,0,0,0,1,0,0,0,0,0,0,0,0,.500,.500,.500,8,p,4- 4-2017,
AT,MIL,N,1,3,0,0,0,0,0,0,0,0,1,0,0,0,0,0,0,0,0,.200,.200,.200,8,p,4- 9-2017,
VS,PIT,N,1,3,0,0,0,0,0,0,0,0,1,0,0,0,0,0,0,0,0,.125,.125,.125,8,p,4-15-2017,
AT,CIN,N,1,3,0,1,0,1,0,1,0,0,1,0,0,0,0,0,0,0,0,.182,.182,.364,8,p,4-22-2017,
AT,BOS,A,1,0,0,0,0,0,0,0,0,0,0,0,0,0,0,0,0,0,0,.182,.182,.364,0,p,4-28-2017,
VS,PHI,N,1,2,0,0,0,0,0,1,0,0,1,0,0,0,0,0,0,0,0,.154,.154,.308,8,p,5- 3-2017,
VS,NY,A,0,1,0,0,0,0,0,0,0,0,1,0,0,0,0,0,0,0,0,.143,.143,.286,4,ph,5- 7-2017,
AT,COL,N,1,2,0,1,0,0,0,0,0,0,1,0,0,0,0,0,0,0,0,.188,.188,.313,8,p,5- 9-2017,1
AT,STL,N,1,2,0,0,0,0,0,0,0,0,2,0,0,0,0,0,0,0,0,.167,.167,.278,8,p,5-14-2017,
VS,MIL,N,1,2,0,0,0,0,0,0,0,0,0,0,0,0,0,0,0,0,0,.150,.150,.250,9,p,5-21-2017,
AT,LA,N,1,2,0,0,0,0,0,0,0,0,2,0,0,0,0,0,0,0,0,.136,.136,.227,9,p,5-26-2017,
AT,SD,N,1,2,0,0,0,0,0,0,0,0,1,0,0,0,0,0,0,0,0,.125,.125,.208,9,p,5-31-2017,
VS,MIA,N,1,2,0,0,0,0,0,0,0,0,1,0,1,0,0,0,0,0,0,.115,.115,.192,8,p,6- 6-2017,
VS,COL,N,1,2,0,0,0,0,0,0,0,0,2,0,0,0,0,0,0,0,0,.107,.107,.179,9,p,6-11-2017,
AT,PIT,N,1,2,1,1,0,0,1,2,0,0,0,0,0,0,0,0,0,0,0,.133,.133,.300,9,p,6-17-2017,
AT,PIT,N,0,1,0,0,0,0,0,0,0,0,1,0,0,0,0,0,0,0,0,.129,.129,.290,8,ph,6-18-2017,
AT,MIA,N,1,4,1,2,0,0,0,1,0,0,2,0,0,0,0,0,0,0,0,.171,.171,.314,8,p,6-22-2017,
AT,WAS,N,1,2,0,0,0,0,0,0,0,0,0,0,0,0,0,0,0,0,0,.162,.162,.297,8,p,6-27-2017,
AT,CIN,N,1,3,0,0,0,0,0,0,0,0,1,0,0,0,0,0,0,0,0,.150,.150,.275,9,p,7- 2-2017,
VS,PIT,N,1,2,0,0,0,0,0,0,0,0,2,0,0,0,0,0,0,0,0,.143,.143,.262,9,p,7- 8-2017,
AT,BAL,A,1,0,0,0,0,0,0,0,0,0,0,0,0,0,0,0,0,0,0,.143,.143,.262,0,p,7-15-2017,
VS,STL,N,1,2,0,1,0,0,0,0,0,0,0,0,0,0,0,1,0,0,0,.159,.159,.273,9,p,7-21-2017,
AT,CHI,A,1,0,0,0,0,0,0,0,0,0,0,0,0,0,0,0,0,0,0,.159,.159,.273,0,p,7-26-2017,
VS,ARI,N,1,2,0,0,0,0,0,0,0,0,1,0,0,0,0,0,0,0,0,.152,.152,.261,9,p,8- 2-2017,
AT,SF,N,1,3,0,0,0,0,0,0,0,0,3,0,0,0,0,0,0,0,0,.143,.143,.245,9,p,8- 7-2017,
AT,ARI,N,1,1,0,0,0,0,0,0,1,0,1,0,1,0,0,0,0,0,0,.140,.157,.240,9,p,8-13-2017,
VS,TOR,A,1,3,0,1,0,0,0,0,0,0,1,0,0,0,0,0,0,0,0,.151,.167,.245,9,p,8-18-2017,
AT,CIN,N,1,2,0,0,0,0,0,0,0,0,1,0,0,0,0,0,0,0,0,.145,.161,.236,9,p,8-24-2017,
VS,PIT,N,1,2,0,0,0,0,0,0,0,0,2,0,0,0,0,0,0,0,0,.140,.155,.228,9,p,8-29-2017,
AT,PIT,N,1,1,0,0,0,0,0,0,0,0,1,0,0,0,0,0,0,0,0,.138,.153,.224,9,p,9- 4-2017,
AT,MIL,N,1,2,0,0,0,0,0,0,0,0,1,0,0,0,0,0,0,0,0,.133,.148,.217,9,p,9-21-2017,
AT,STL,N,1,1,0,0,0,0,0,0,0,0,0,0,0,0,0,0,0,0,0,.131,.145,.213,9,p,9-26-2017,
VS,MIA,N,1,1,0,0,0,0,0,0,0,0,0,0,0,0,0,0,0,0,0,.000,.000,.000,9,p,4- 8-2018,
AT,TB,A,1,0,0,0,0,0,0,0,0,0,0,0,0,0,0,0,0,0,0,.000,.000,.000,0,p,4-14-2018,
VS,PIT,N,1,3,0,0,0,0,0,0,0,0,3,0,0,0,0,0,0,0,0,.000,.000,.000,9,p,4-19-2018,
VS,ARI,N,1,2,0,0,0,0,0,0,0,0,2,0,0,0,0,0,0,0,0,.000,.000,.000,9,p,4-25-2018,
AT,MIA,N,1,1,0,1,0,0,0,0,1,0,0,0,0,0,0,0,0,0,0,.143,.250,.143,9,p,4-30-2018,
AT,WAS,N,1,2,0,0,0,0,0,0,0,0,2,0,0,0,0,0,0,0,0,.111,.200,.111,9,p,5- 6-2018,
VS,NY,N,1,2,0,0,0,0,0,0,1,0,1,0,0,0,0,0,1,0,0,.091,.231,.091,9,p,5-11-2018,
AT,STL,N,1,1,0,1,0,0,0,0,0,0,0,0,0,0,0,0,0,0,0,.167,.286,.167,9,p,5-18-2018,
VS,ATL,N,1,2,0,0,0,0,0,0,0,0,1,0,1,0,0,0,0,0,0,.143,.250,.143,9,p,5-23-2018,
AT,LA,N,1,3,0,0,0,0,0,0,0,0,3,0,0,0,0,0,0,0,0,.118,.211,.118,9,p,5-29-2018,
AT,SF,N,1,2,1,1,0,0,1,1,0,0,1,0,0,0,0,0,0,0,0,.158,.238,.316,9,p,6- 3-2018,
VS,MIL,N,1,2,1,0,0,0,0,0,0,0,0,0,0,0,0,0,0,0,0,.143,.217,.286,9,p,6- 9-2018,
AT,MIL,N,1,1,0,1,0,0,0,0,0,0,0,0,0,0,0,0,0,0,0,.182,.250,.318,8,p,6-15-2018,
VS,STL,N,1,2,0,0,0,0,0,0,0,0,0,0,0,0,0,0,0,0,0,.167,.231,.292,9,p,6-20-2018,
VS,NY,A,1,1,0,0,0,0,0,0,0,0,1,0,0,0,0,0,0,0,0,.160,.222,.280,9,p,6-26-2018,
VS,WAS,N,1,1,0,1,0,0,0,0,0,0,0,0,0,0,0,0,0,0,0,.192,.250,.308,9,p,7- 1-2018,
AT,PIT,N,1,2,0,0,0,0,0,0,0,0,1,0,0,0,0,0,0,0,0,.179,.233,.286,9,p,7- 7-2018,
AT,MIA,N,1,2,0,0,0,0,0,0,0,0,2,0,0,0,0,0,0,0,0,.167,.219,.267,9,p,7-13-2018,
VS,SD,N,1,1,1,0,0,0,0,0,0,0,0,0,0,0,0,0,0,0,0,.161,.212,.258,9,p,7-20-2018,
VS,LA,N,1,2,0,0,0,0,0,0,0,0,1,0,0,0,0,0,0,0,0,.152,.200,.242,9,p,7-25-2018,
AT,BOS,A,1,0,0,0,0,0,0,0,0,0,0,0,0,0,0,0,0,0,0,.152,.200,.242,0,p,7-31-2018,
AT,ARI,N,1,2,0,0,0,0,0,0,0,0,2,0,1,0,0,0,0,0,0,.143,.189,.229,9,p,8- 6-2018,
AT,SD,N,1,1,0,0,0,0,0,0,0,0,1,0,0,0,0,0,0,0,0,.139,.184,.222,9,p,8-12-2018,
VS,NY,N,1,1,0,0,0,0,0,0,0,0,0,0,0,0,0,0,0,0,0,.135,.179,.216,9,p,8-18-2018,
AT,TOR,A,1,0,0,0,0,0,0,0,0,0,0,0,0,0,0,0,0,0,0,.135,.179,.216,0,p,8-24-2018,
VS,WAS,N,1,1,0,1,0,0,0,2,0,0,0,0,0,0,0,0,0,0,0,.158,.200,.237,9,p,8-29-2018,
AT,MIA,N,1,3,0,0,0,0,0,0,1,0,2,0,0,0,0,0,0,0,0,.146,.205,.220,9,p,9- 4-2018,
VS,WAS,N,1,1,0,0,0,0,0,0,0,0,1,0,0,0,0,0,0,0,0,.143,.200,.214,9,p,9-11-2018,2
VS,NY,N,1,1,0,0,0,0,0,0,0,0,1,0,0,0,0,0,0,0,0,.140,.196,.209,9,p,9-17-2018,
AT,ATL,N,1,0,0,0,0,0,0,0,0,0,0,0,0,0,0,0,0,0,0,.140,.196,.209,9,p,9-22-2018,
AT,COL,N,1,2,0,0,0,0,0,0,0,0,2,0,0,0,0,0,0,0,0,.133,.188,.200,9,p,9-27-2018,
VS,ATL,N,1,2,0,0,0,0,0,0,0,0,0,0,0,0,0,0,0,0,0,.000,.000,.000,9,p,3-31-2019,
VS,MIN,A,1,2,0,0,0,0,0,0,0,0,2,0,0,0,0,0,0,0,0,.000,.000,.000,9,p,4- 6-2019,
AT,MIA,N,1,3,0,0,0,0,0,0,0,0,1,0,0,0,0,0,0,0,0,.000,.000,.000,9,p,4-12-2019,
VS,NY,N,1,3,0,0,0,0,0,0,0,0,2,0,0,0,0,0,0,0,0,.000,.000,.000,9,p,4-17-2019,
AT,NY,N,1,1,0,0,0,0,0,0,0,0,0,0,1,0,0,0,0,0,0,.000,.000,.000,9,p,4-22-2019,
VS,MIA,N,1,2,1,1,0,0,0,1,0,0,0,0,1,0,0,0,0,0,0,.077,.077,.077,9,p,4-27-2019,
VS,WAS,N,1,1,0,0,0,0,0,0,0,0,1,0,1,0,0,0,0,0,0,.071,.071,.071,9,p,5- 4-2019,
AT,KC,A,1,0,0,0,0,0,0,0,0,0,0,0,0,0,0,0,0,0,0,.071,.071,.071,0,p,5-10-2019,
VS,MIL,N,1,2,0,1,0,0,0,0,0,0,0,0,0,0,0,0,0,0,0,.125,.125,.125,9,p,5-15-2019,
AT,CHI,N,1,2,0,0,0,0,0,0,0,0,2,0,0,0,0,0,0,0,0,.111,.111,.111,9,p,5-20-2019,
AT,MIL,N,1,4,0,1,0,0,0,0,0,0,2,0,0,0,0,0,0,0,0,.136,.136,.136,9,p,5-25-2019,
AT,LA,N,1,2,0,1,0,0,0,1,0,0,1,0,0,0,0,0,0,0,0,.167,.167,.167,9,p,5-31-2019,
AT,SD,N,1,2,0,0,0,0,0,0,0,0,1,0,0,0,0,0,0,0,0,.154,.154,.154,9,p,6- 5-2019,
VS,ARI,N,1,1,0,0,0,0,0,0,0,0,0,0,1,0,0,0,0,0,0,.148,.148,.148,9,p,6-11-2019,
AT,WAS,N,1,2,0,0,0,0,0,0,0,0,2,0,0,0,0,0,0,0,0,.138,.138,.138,9,p,6-19-2019,2
VS,NY,N,1,1,0,0,0,0,0,0,1,0,1,0,0,0,0,0,0,0,0,.133,.161,.133,9,p,6-25-2019,
AT,MIA,N,1,3,1,1,0,0,0,2,0,0,0,0,0,0,0,0,0,0,0,.152,.176,.152,9,p,6-30-2019,
AT,NY,N,1,2,0,1,0,0,0,0,0,0,0,0,0,0,0,0,1,0,0,.171,.194,.171,9,p,7- 6-2019,
VS,WAS,N,1,1,0,1,1,0,0,0,0,0,0,0,0,0,0,0,0,0,0,.194,.216,.222,9,p,7-14-2019,
AT,PIT,N,1,2,0,0,0,0,0,0,0,0,1,0,0,0,0,0,0,0,0,.184,.205,.211,9,p,7-19-2019,
VS,ATL,N,1,1,0,0,0,0,0,0,0,0,1,0,0,0,0,0,0,0,0,.179,.200,.205,9,p,7-26-2019,
VS,SF,N,1,2,0,0,0,0,0,0,0,0,0,0,0,0,0,1,0,0,0,.171,.190,.195,9,p,8- 1-2019,
AT,ARI,N,1,2,0,0,0,0,0,0,0,0,1,0,0,0,0,0,0,0,0,.163,.182,.186,9,p,8- 6-2019,
AT,SF,N,1,2,0,0,0,0,0,0,0,0,1,0,0,0,0,0,0,0,0,.156,.174,.178,8,p,8-11-2019,
VS,PIT,N,1,2,0,0,0,0,0,0,0,0,2,0,0,0,0,0,0,0,0,.000,.000,.000,9,p,4- 3-2021,
AT,PIT,N,1,2,0,0,0,0,0,0,0,0,2,0,0,0,0,0,0,0,0,.000,.000,.000,9,p,4- 8-2021,
AT,MIL,N,1,2,0,0,0,0,0,0,0,0,2,0,0,0,0,0,0,0,0,.000,.000,.000,9,p,4-14-2021,
VS,NY,N,1,0,0,0,0,0,0,0,1,0,0,0,1,0,0,0,0,0,0,.000,.143,.000,9,p,4-20-2021,
VS,MIL,N,1,1,0,0,0,0,0,0,0,0,1,0,0,0,0,0,0,0,0,.000,.125,.000,9,p,4-25-2021,
AT,CIN,N,1,1,0,0,0,0,0,0,0,0,0,0,0,0,0,0,0,0,0,.000,.111,.000,9,p,4-30-2021,
AT,CIN,N,0,1,0,0,0,0,0,0,0,0,1,0,0,0,0,0,0,0,0,.000,.100,.000,9,ph,5- 2-2021,
AT,DET,A,1,0,0,0,0,0,0,0,0,0,0,0,0,0,0,0,0,0,0,.000,.100,.000,0,p,5-14-2021,
VS,WAS,N,1,2,0,1,0,0,0,0,0,0,1,0,0,0,0,0,0,0,0,.091,.167,.091,9,p,5-19-2021,
AT,PIT,N,1,2,1,1,0,0,0,0,0,0,0,0,0,0,0,0,0,0,0,.154,.214,.154,9,p,5-25-2021,
VS,CIN,N,1,1,0,0,0,0,0,0,0,0,0,0,0,0,0,0,0,0,0,.143,.200,.143,9,p,5-30-2021,
AT,SF,N,1,1,0,0,0,0,0,0,0,0,1,0,0,0,0,0,0,0,0,.133,.188,.133,9,p,6- 4-2021,
AT,SD,N,1,1,0,0,0,0,0,0,0,0,1,0,0,0,0,0,0,0,0,.125,.176,.125,9,p,6- 9-2021,
AT,NY,N,1,0,0,0,0,0,0,0,0,0,0,0,1,0,0,0,0,0,0,.125,.176,.125,9,p,6-14-2021,
VS,MIA,N,1,0,0,0,0,0,0,0,0,0,0,1,0,0,0,0,0,0,0,.125,.222,.125,9,p,6-19-2021,
AT,LA,N,1,2,0,0,0,0,0,0,0,0,2,0,0,0,0,0,0,0,0,.111,.200,.111,9,p,6-25-2021,
AT,MIL,N,1,0,1,0,0,0,0,0,1,0,0,0,0,0,0,0,0,0,0,.111,.238,.111,9,p,6-30-2021,
VS,PHI,N,1,0,0,0,0,0,0,0,0,0,0,0,0,0,0,0,0,0,0,.111,.238,.111,9,p,7- 6-2021,
AT,WAS,N,1,1,0,0,0,0,0,0,0,0,1,0,0,0,0,0,0,0,0,.105,.227,.105,9,p,7-30-2021,
AT,COL,N,1,1,0,0,0,0,0,0,0,0,1,0,0,0,0,0,0,0,0,.100,.217,.100,9,p,8- 5-2021,
VS,MIL,N,1,1,0,0,0,0,0,0,0,0,1,0,0,0,0,0,0,0,0,.095,.208,.095,9,p,8-11-2021,
AT,COL,N,1,2,1,1,0,0,0,0,0,0,0,0,0,0,0,0,0,0,0,.500,.500,.500,9,p,8-18-2021,
VS,HOU,A,1,0,0,0,0,0,0,0,0,0,0,0,1,0,0,0,0,0,0,.500,.500,.500,9,p,9- 3-2021,
AT,SF,N,1,0,0,0,0,0,0,0,0,0,0,0,1,0,0,0,0,0,0,.500,.500,.500,9,p,9-14-2021,
AT,STL,N,1,0,0,0,0,0,0,0,0,0,0,0,0,0,0,0,0,0,0,.500,.500,.500,9,p,9-19-2021,
