at_vs,Opponent,League,GS,CG,SHO,GF,SV,IP,H,BFP,HR,R,ER,BB,IB,SO,SH,SF,WP,HBP,BK,2B,3B,GDP,ROE,W,L,ERA,Date,dblhead_num
VS,SD,N,0,0,0,0,0,0.2,1,3,0,0,0,0,0,0,0,0,0,0,0,1,0,0,0,0,0,0.00,8-10-1995,1
VS,SD,N,0,0,0,0,0,1,0,3,0,0,0,1,0,1,0,0,0,0,0,0,0,1,0,0,0,0.00,8-10-1995,2
AT,SF,N,0,0,0,1,0,1,2,5,0,1,1,0,0,0,0,0,0,0,0,2,0,0,0,0,0,3.38,8-13-1995,
AT,LA,N,0,0,0,1,1,1,1,4,0,0,0,0,0,0,0,0,0,0,0,1,0,0,0,0,0,2.45,8-14-1995,
AT,COL,N,0,0,0,0,0,1.2,6,14,0,5,4,2,0,1,0,0,0,0,0,0,1,0,1,0,0,8.44,8-18-1995,
VS,FLA,N,0,0,0,1,0,1,0,3,0,0,0,0,0,1,0,0,0,0,0,0,0,0,0,0,0,7.11,8-22-1995,
VS,ATL,N,0,0,0,0,0,1,3,8,0,3,3,2,1,1,0,0,0,0,0,0,2,0,0,0,0,9.82,8-25-1995,
VS,ATL,N,0,0,0,1,0,1,0,4,0,0,0,1,0,1,0,0,0,0,0,0,0,0,0,0,0,8.64,8-27-1995,
AT,FLA,N,0,0,0,1,0,1,0,3,0,0,0,0,0,0,0,0,0,0,0,0,0,0,0,0,0,7.71,8-30-1995,
VS,SF,N,0,0,0,0,0,0.1,3,5,0,3,3,1,0,1,0,0,0,0,0,1,0,0,0,0,0,10.24,9- 8-1995,
VS,SF,N,0,0,0,0,0,0.2,1,4,0,1,0,0,0,0,0,0,0,0,0,0,0,0,1,0,0,9.58,9- 9-1995,
VS,LA,N,0,0,0,0,0,1,0,3,0,0,0,0,0,0,0,0,0,0,0,0,0,0,0,0,0,8.74,9-11-1995,
VS,LA,N,0,0,0,1,0,1,1,3,0,0,0,0,0,1,0,0,0,0,0,0,0,1,0,1,0,8.03,9-13-1995,
AT,SD,N,0,0,0,0,0,0,3,3,0,1,1,0,0,0,0,0,0,0,0,0,0,0,0,0,0,8.76,9-17-1995,
AT,HOU,N,0,0,0,1,0,1.2,0,5,0,0,0,0,0,3,0,0,1,0,0,0,0,0,0,0,0,7.71,9-20-1995,
VS,HOU,N,0,0,0,0,0,1.1,0,4,0,0,0,0,0,2,0,0,0,0,0,0,0,0,0,0,0,7.04,9-28-1995,
VS,HOU,N,0,0,0,0,0,1.1,0,5,0,0,0,1,0,1,0,0,0,0,0,0,0,0,0,0,0,6.48,9-30-1995,
VS,HOU,N,0,0,0,0,0,1.1,1,7,0,1,1,2,0,2,0,0,0,0,0,0,0,0,0,0,1,6.50,10- 1-1995,
VS,LA,N,0,0,0,0,0,0.2,0,2,0,0,0,0,0,1,0,0,0,0,0,0,0,0,0,0,0,0.00,4- 7-1996,
AT,COL,N,0,0,0,0,0,4,4,14,0,1,1,0,0,6,0,0,0,0,0,0,0,2,0,1,0,1.93,4- 8-1996,
AT,SF,N,0,0,0,0,0,1.2,1,7,0,0,0,1,0,0,0,0,0,0,0,0,0,0,0,0,0,1.42,4-13-1996,
VS,CIN,N,0,0,0,0,0,2,1,6,0,0,0,0,0,0,0,0,0,0,0,0,0,1,0,0,0,1.08,4-16-1996,
VS,SF,N,0,0,0,1,0,1,1,4,0,0,0,0,0,0,0,0,0,0,0,0,0,0,0,0,0,0.96,4-19-1996,
VS,SF,N,0,0,0,0,0,2,1,9,0,1,0,1,0,2,0,0,0,0,0,0,0,0,1,0,0,0.79,4-21-1996,
AT,SD,N,0,0,0,1,0,2,2,8,0,1,1,1,0,1,0,0,0,0,0,0,0,1,0,0,0,1.35,4-24-1996,
AT,LA,N,0,0,0,0,0,1.1,1,6,0,0,0,1,0,0,0,0,0,0,0,0,0,0,0,0,0,1.23,4-26-1996,
AT,LA,N,0,0,0,1,0,1,3,9,0,3,3,3,1,0,0,0,0,0,0,0,0,0,0,0,0,2.87,4-29-1996,
VS,STL,N,0,0,0,0,0,0.2,0,3,0,0,0,1,0,0,0,0,0,0,0,0,0,0,0,0,0,2.76,4-30-1996,
VS,NY,N,0,0,0,0,0,1,0,4,0,0,0,1,0,0,0,0,0,0,0,0,0,0,0,0,0,2.60,5- 4-1996,
AT,MON,N,0,0,0,0,0,0,0,2,0,2,2,2,0,0,0,0,0,0,0,0,0,0,0,0,1,3.63,5- 7-1996,
AT,NY,N,0,0,0,0,0,4,3,16,0,0,0,1,1,5,0,0,1,0,1,0,1,0,0,0,0,2.95,5-11-1996,
VS,HOU,N,0,0,0,1,0,3,2,12,0,0,0,1,0,4,1,0,0,0,0,0,0,0,0,0,0,2.59,5-15-1996,
VS,FLA,N,0,0,0,1,0,1,0,3,0,0,0,0,0,1,0,0,0,0,0,0,0,0,0,0,0,2.49,5-18-1996,
VS,FLA,N,0,0,0,0,0,1,4,9,1,3,3,2,1,1,0,0,0,0,0,1,0,0,0,0,0,3.42,5-19-1996,
AT,ATL,N,0,0,0,0,0,1.1,2,8,0,1,1,2,1,0,0,0,0,0,0,1,0,0,0,0,0,3.58,5-22-1996,
AT,HOU,N,0,0,0,0,0,2,1,7,0,0,0,0,0,1,0,0,0,0,0,0,0,0,0,0,0,3.34,5-24-1996,
VS,ATL,N,0,0,0,0,0,1,0,3,0,0,0,0,0,1,0,0,0,0,0,0,0,0,0,0,0,3.23,5-27-1996,
VS,ATL,N,0,0,0,1,0,2,0,7,0,0,0,1,0,1,1,0,0,0,0,0,0,0,0,0,0,3.03,5-29-1996,
AT,FLA,N,0,0,0,1,0,1,1,6,0,0,0,2,0,0,0,0,0,0,0,0,0,0,0,0,0,2.94,6- 2-1996,
VS,PHI,N,0,0,0,0,0,0.2,2,5,0,0,0,1,0,0,0,0,0,0,0,1,0,0,0,0,0,2.88,6- 3-1996,
VS,PHI,N,0,0,0,0,0,2,1,7,0,0,0,1,0,0,0,0,0,0,0,0,0,1,0,1,0,2.72,6- 5-1996,
VS,MON,N,0,0,0,0,0,2,1,6,0,0,0,0,0,0,0,0,0,0,0,0,0,1,0,0,0,2.58,6- 8-1996,
VS,MON,N,0,0,0,0,0,1,0,3,0,0,0,0,0,1,0,0,0,0,0,0,0,0,0,0,0,2.52,6- 9-1996,
AT,PHI,N,0,0,0,1,0,1.1,1,4,0,0,0,0,0,1,0,0,0,0,0,0,0,1,0,0,0,2.43,6-12-1996,
VS,SD,N,0,0,0,0,0,2,0,6,0,0,0,0,0,3,0,0,0,0,0,0,0,0,0,0,0,2.32,6-13-1996,
VS,LA,N,0,0,0,0,0,2,2,9,0,1,1,1,0,1,0,0,0,0,0,0,1,0,0,0,0,2.42,6-18-1996,2
VS,LA,N,0,0,0,1,0,1,0,7,0,1,0,3,1,1,0,0,0,0,0,0,0,0,1,0,1,2.36,6-19-1996,
AT,SD,N,0,0,0,0,0,1.1,1,5,0,0,0,0,0,2,0,0,0,0,0,0,0,0,0,0,0,2.30,6-21-1996,
AT,SD,N,0,0,0,0,0,2,1,7,0,0,0,0,0,2,0,0,0,0,0,0,0,0,0,0,0,2.20,6-22-1996,
AT,LA,N,0,0,0,1,1,2,2,8,0,1,1,0,0,2,0,0,0,0,0,1,0,0,0,0,0,2.29,6-26-1996,
AT,CIN,N,0,0,0,0,0,0.2,0,5,0,0,0,3,0,1,0,0,0,0,0,0,0,0,0,0,0,2.26,6-30-1996,
VS,CIN,N,0,0,0,1,0,2,0,6,0,0,0,0,0,2,0,0,0,0,0,0,0,0,0,0,0,2.18,7- 4-1996,
VS,CIN,N,0,0,0,0,0,0.2,1,5,0,0,0,2,0,0,1,0,0,0,0,0,0,0,0,0,0,2.15,7- 6-1996,
VS,CIN,N,0,0,0,0,0,1.1,3,8,1,2,2,1,0,0,1,0,0,0,0,1,0,0,0,0,0,2.43,7- 7-1996,
VS,STL,N,0,0,0,0,0,1,2,5,1,1,1,0,0,1,0,0,0,0,0,0,0,0,0,0,0,2.54,7-12-1996,
VS,STL,N,0,0,0,0,0,1.1,6,12,1,5,5,2,0,0,0,1,0,0,0,1,0,0,0,0,1,3.26,7-14-1996,
AT,STL,N,0,0,0,0,0,1.2,3,7,0,1,1,0,0,2,0,0,1,1,0,1,0,1,0,0,0,3.32,7-19-1996,
AT,STL,N,0,0,0,0,0,1.2,1,7,0,0,0,1,0,2,0,0,0,0,0,0,0,0,0,0,0,3.23,7-21-1996,
AT,SF,N,0,0,0,1,0,0.2,0,1,0,0,0,0,0,0,0,0,0,0,0,0,0,1,0,0,0,3.19,7-24-1996,
AT,COL,N,0,0,0,1,1,3,1,10,0,0,0,0,0,5,0,0,0,0,0,0,0,0,0,0,0,3.05,7-26-1996,
AT,COL,N,0,0,0,0,0,2,2,8,0,0,0,0,0,1,0,0,0,0,0,0,0,0,0,0,0,2.96,7-28-1996,
VS,SF,N,0,0,0,1,1,2.1,2,10,0,0,0,1,0,1,0,0,0,0,0,0,0,0,0,0,0,2.86,7-30-1996,
VS,COL,N,0,0,0,0,0,1.1,0,4,0,0,0,0,0,0,0,0,0,0,0,0,0,0,0,0,0,2.80,8- 1-1996,
VS,COL,N,0,0,0,1,0,1,0,3,0,0,0,0,0,2,0,0,0,0,0,0,0,0,0,0,0,2.76,8- 3-1996,
VS,NY,N,0,0,0,1,0,1,1,5,0,0,0,0,0,2,0,0,0,0,0,0,0,0,1,0,0,2.72,8- 5-1996,
VS,NY,N,0,0,0,0,0,1.1,3,8,0,3,3,2,1,0,2,0,1,0,0,1,0,1,0,0,1,3.04,8- 7-1996,
AT,MON,N,0,0,0,0,0,1.1,2,6,0,0,0,0,0,1,1,0,0,0,0,1,0,0,0,0,0,2.99,8-10-1996,
AT,MON,N,0,0,0,1,0,0.1,1,2,0,0,0,0,0,0,0,0,0,0,0,0,0,0,0,0,0,2.97,8-11-1996,
AT,NY,N,0,0,0,0,0,1,0,3,0,0,0,0,0,1,0,0,0,0,0,0,0,0,0,0,0,2.93,8-14-1996,
VS,HOU,N,0,0,0,0,0,1,3,7,0,3,3,1,0,0,0,1,0,0,0,1,0,0,0,0,0,3.24,8-16-1996,
VS,HOU,N,0,0,0,0,0,1,0,3,0,0,0,1,0,1,0,0,0,0,0,0,0,0,0,0,0,3.20,8-18-1996,
VS,FLA,N,0,0,0,0,0,3,0,9,0,0,0,0,0,2,0,0,0,0,0,0,0,0,0,0,0,3.09,8-20-1996,
AT,ATL,N,0,0,0,0,0,0.2,2,4,0,1,1,0,0,0,0,0,0,0,0,1,0,0,0,0,0,3.17,8-24-1996,
AT,HOU,N,0,0,0,0,0,0.2,1,6,0,2,1,2,0,0,0,1,0,0,0,1,0,0,1,0,1,3.25,8-27-1996,
VS,ATL,N,0,0,0,0,0,2,3,8,1,1,1,0,0,2,0,0,1,0,0,0,0,1,0,0,0,3.28,8-30-1996,2
VS,ATL,N,0,0,0,1,1,2.1,1,8,0,0,0,0,0,2,0,0,0,0,0,0,0,0,0,0,0,3.19,8-31-1996,
AT,FLA,N,0,0,0,0,0,2,0,5,0,0,0,1,0,1,0,0,0,0,0,0,0,1,0,0,0,3.12,9- 3-1996,
AT,PHI,N,0,0,0,0,0,1.1,2,6,0,0,0,0,0,4,0,0,0,0,0,0,0,0,0,0,0,3.08,9- 6-1996,
AT,PHI,N,0,0,0,0,0,1.1,2,6,0,0,0,1,0,0,0,0,0,0,0,1,0,1,0,0,0,3.03,9- 8-1996,
VS,MON,N,0,0,0,0,0,1.2,2,8,1,2,2,1,0,2,0,0,0,0,0,0,0,0,0,0,1,3.17,9-11-1996,
VS,PHI,N,0,0,0,1,0,1,0,4,0,0,0,2,0,0,0,0,0,0,0,0,0,1,0,0,0,3.14,9-14-1996,
AT,STL,N,0,0,0,0,0,1.1,0,4,0,0,0,0,0,1,0,0,0,0,0,0,0,0,0,0,0,3.09,9-19-1996,
AT,PIT,N,0,0,0,0,0,0.1,0,1,0,0,0,0,0,1,0,0,0,0,0,0,0,0,0,0,0,3.08,9-22-1996,
AT,PIT,N,0,0,0,0,0,2,0,6,0,0,0,1,0,2,0,0,0,0,0,0,0,0,0,0,0,3.02,9-23-1996,
AT,CIN,N,0,0,0,1,0,1,0,3,0,0,0,0,0,1,0,0,0,0,0,0,0,0,0,0,0,2.99,9-25-1996,
VS,PIT,N,0,0,0,1,0,0.2,1,3,0,0,0,0,0,0,0,0,0,0,0,0,0,0,0,0,0,2.97,9-27-1996,1
VS,PIT,N,0,0,0,1,0,1,1,5,0,0,0,1,0,1,0,0,1,0,0,0,0,0,0,1,0,2.94,9-27-1996,2
AT,FLA,N,0,0,0,1,0,0.1,0,1,0,0,0,0,0,1,0,0,0,0,0,0,0,0,0,0,0,0.00,4- 1-1997,
AT,FLA,N,0,0,0,0,0,1.1,1,5,0,0,0,0,0,1,0,0,0,0,0,0,0,0,0,0,0,0.00,4- 2-1997,
AT,ATL,N,0,0,0,1,0,1.2,3,8,0,2,0,0,0,1,0,0,0,0,0,0,0,0,1,0,1,0.00,4- 4-1997,
VS,ATL,N,0,0,0,1,0,1,0,2,0,0,0,0,0,0,0,0,0,0,0,0,0,0,0,0,0,0.00,4-13-1997,
VS,COL,N,0,0,0,0,0,1.2,0,4,0,0,0,0,0,3,0,0,0,0,0,0,0,0,1,0,0,0.00,4-15-1997,
AT,NY,N,0,0,0,0,0,0.2,0,2,0,0,0,0,0,1,0,0,0,0,0,0,0,0,0,0,0,0.00,4-19-1997,
AT,NY,N,0,0,0,1,1,2.1,1,8,0,0,0,1,0,1,0,0,0,0,0,0,0,1,0,0,0,0.00,4-21-1997,
AT,MON,N,0,0,0,0,0,1.2,2,8,0,0,0,1,1,3,0,0,0,0,0,0,0,0,0,0,0,0.00,4-23-1997,
VS,PIT,N,0,0,0,0,0,2,0,6,0,0,0,0,0,3,0,0,0,0,0,0,0,0,0,0,0,0.00,4-26-1997,
VS,MON,N,0,0,0,1,0,1.1,2,5,0,0,0,0,0,1,0,0,0,0,0,0,0,1,0,0,0,0.00,4-29-1997,
AT,LA,N,0,0,0,0,0,2,1,8,0,0,0,1,0,1,0,0,0,0,0,0,0,0,0,0,0,0.00,5- 2-1997,
AT,LA,N,0,0,0,1,1,0.1,0,1,0,0,0,0,0,0,0,0,0,0,0,0,0,0,0,0,0,0.00,5- 3-1997,
AT,SD,N,0,0,0,0,0,1,2,5,0,0,0,0,0,1,0,0,0,0,0,1,0,0,0,0,0,0.00,5- 6-1997,
AT,SD,N,0,0,0,0,0,1.1,1,7,0,0,0,2,0,2,0,0,0,0,0,0,0,0,0,0,0,0.00,5- 8-1997,
AT,SF,N,0,0,0,0,0,2,0,8,0,0,0,2,1,3,0,0,1,0,0,0,0,0,0,0,0,0.00,5- 9-1997,
AT,SF,N,0,0,0,0,0,0.2,0,2,0,0,0,0,0,0,0,0,0,0,0,0,0,0,0,0,0,0.00,5-11-1997,
VS,LA,N,0,0,0,0,0,1,4,7,0,2,2,1,0,0,0,0,0,0,0,1,0,0,0,0,0,0.81,5-14-1997,
VS,SF,N,0,0,0,1,1,1,0,4,0,0,0,1,0,1,0,0,0,0,0,0,0,0,0,0,0,0.77,5-18-1997,
AT,CIN,N,0,0,0,1,1,1,0,3,0,0,0,1,0,1,0,0,0,0,0,0,0,1,0,0,0,0.74,5-23-1997,
AT,CIN,N,0,0,0,0,0,2,2,7,0,0,0,0,0,0,0,0,0,0,0,0,0,1,0,0,0,0.68,5-24-1997,
AT,PIT,N,0,0,0,1,1,1,0,3,0,0,0,0,0,0,0,0,0,0,0,0,0,0,0,0,0,0.66,5-26-1997,
AT,PIT,N,0,0,0,1,1,0.1,1,3,0,1,1,0,0,1,0,0,1,1,0,1,0,0,0,0,0,0.98,5-27-1997,
VS,CIN,N,0,0,0,1,1,0.1,1,2,0,0,0,0,0,1,0,0,0,0,0,0,0,0,0,0,0,0.96,5-29-1997,
VS,PIT,N,0,0,0,1,1,2,2,9,0,1,1,1,0,1,0,0,0,0,0,0,0,0,0,0,0,1.20,6- 2-1997,
AT,PHI,N,0,0,0,1,0,0.1,1,4,0,1,1,2,1,1,0,0,1,0,0,0,0,0,0,0,1,1.48,6- 5-1997,
AT,MON,N,0,0,0,1,0,0.2,3,5,0,2,2,0,0,1,0,0,0,0,0,2,0,0,0,0,1,2.03,6- 8-1997,
VS,NY,N,0,0,0,1,0,1.2,1,6,0,0,0,1,0,2,0,0,0,0,0,1,0,1,0,1,0,1.93,6-11-1997,
VS,MIL,A,0,0,0,0,0,1.1,4,9,0,2,2,1,0,1,0,1,0,0,0,0,0,0,0,0,0,2.38,6-15-1997,
AT,HOU,N,0,0,0,1,0,1,1,3,0,0,0,0,0,1,0,0,0,0,0,0,0,1,0,0,0,2.31,6-21-1997,
AT,STL,N,0,0,0,1,0,1,0,3,0,0,0,0,0,1,0,0,0,0,0,0,0,0,0,0,0,2.25,6-24-1997,
AT,STL,N,0,0,0,1,0,0,1,1,1,1,1,0,0,0,0,0,0,0,0,0,0,0,0,0,0,2.50,6-25-1997,
VS,HOU,N,0,0,0,1,0,1,4,5,0,1,1,0,0,0,0,0,0,0,0,0,0,0,0,0,1,2.68,6-26-1997,
VS,HOU,N,0,0,0,0,0,0.1,0,2,0,0,0,1,0,0,0,0,0,0,0,0,0,0,0,0,0,2.65,6-28-1997,
VS,HOU,N,0,0,0,0,0,1,3,9,0,3,3,2,0,0,0,0,0,0,0,0,0,0,1,0,0,3.29,6-29-1997,
AT,PHI,N,0,0,0,0,0,0.1,0,2,0,0,0,1,1,1,0,0,0,0,0,0,0,0,0,0,0,3.26,7- 3-1997,
AT,PHI,N,0,0,0,1,0,1.1,4,6,0,2,2,0,0,0,0,0,1,0,0,2,0,1,0,0,0,3.60,7- 5-1997,
VS,STL,N,0,0,0,0,0,0.2,0,2,0,0,0,0,0,0,0,0,0,0,0,0,0,0,0,0,0,3.54,7-11-1997,
VS,STL,N,0,0,0,0,0,2,6,11,0,2,2,0,0,0,0,0,1,0,0,0,0,0,0,0,0,3.80,7-13-1997,
VS,HOU,N,0,0,0,0,0,1,1,5,0,0,0,1,1,0,0,0,0,0,0,1,0,0,0,0,0,3.71,7-14-1997,
AT,NY,N,0,0,0,0,0,1.1,1,4,0,0,0,0,0,1,0,0,0,0,0,1,0,0,0,0,0,3.60,7-16-1997,
AT,NY,N,0,0,0,0,0,0.1,1,2,0,0,0,0,0,0,0,0,0,0,0,0,0,0,0,0,0,3.57,7-17-1997,
VS,COL,N,0,0,0,0,0,1.1,1,5,0,0,0,0,0,2,0,0,0,0,0,0,0,0,0,0,0,3.47,7-19-1997,2
VS,COL,N,0,0,0,0,0,1,2,6,0,2,2,1,0,2,0,0,0,0,0,2,0,0,0,0,1,3.78,7-20-1997,
VS,ATL,N,0,0,0,1,0,0.2,0,3,0,0,0,1,0,1,0,0,0,0,0,0,0,0,0,0,0,3.72,7-22-1997,1
VS,ATL,N,0,0,0,0,0,0.1,0,2,0,0,0,1,0,0,0,0,0,0,0,0,0,0,0,0,0,3.70,7-23-1997,
AT,COL,N,0,0,0,1,0,1,0,3,0,0,0,0,0,1,0,0,0,0,0,0,0,0,0,0,0,3.62,7-25-1997,
AT,COL,N,0,0,0,0,0,0.2,0,2,0,0,0,0,0,1,0,0,0,0,0,0,0,0,0,0,0,3.58,7-26-1997,
AT,ATL,N,0,0,0,0,0,0,3,3,1,3,3,0,0,0,0,0,0,0,0,0,0,0,0,0,0,4.11,7-29-1997,
AT,ATL,N,0,0,0,0,0,0.1,0,1,0,0,0,0,0,0,0,0,0,0,0,0,0,0,0,0,0,4.09,7-30-1997,
VS,LA,N,0,0,0,0,0,2,2,8,0,0,0,1,0,1,0,0,0,0,0,0,0,1,0,0,0,3.93,8- 1-1997,
VS,LA,N,0,0,0,0,0,1.2,2,7,0,0,0,1,0,2,0,0,1,0,0,0,0,0,0,0,0,3.81,8- 2-1997,
VS,SF,N,0,0,0,0,0,0.2,0,2,0,0,0,0,0,0,0,0,0,0,0,0,0,0,0,0,0,3.76,8- 5-1997,
VS,SF,N,0,0,0,0,0,0.2,0,3,0,0,0,1,0,1,0,0,0,0,0,0,0,0,0,0,0,3.72,8- 7-1997,
VS,SD,N,0,0,0,0,0,1.2,2,8,0,2,2,2,0,1,0,0,0,0,0,0,0,0,0,0,1,3.92,8- 9-1997,
AT,LA,N,0,0,0,1,1,1,0,4,0,0,0,1,0,1,0,0,0,0,0,0,0,0,0,0,0,3.86,8-12-1997,
AT,SF,N,0,0,0,1,1,1,1,5,0,0,0,1,0,0,0,0,0,0,0,1,0,0,0,0,0,3.79,8-13-1997,
AT,SD,N,0,0,0,0,0,1.1,4,8,0,1,1,0,0,1,0,0,0,0,0,1,0,0,0,0,1,3.86,8-16-1997,
AT,SD,N,0,0,0,1,1,1.1,2,6,0,1,1,0,0,2,0,1,0,0,0,0,1,0,0,0,0,3.92,8-17-1997,
AT,FLA,N,0,0,0,1,0,0.1,0,1,0,0,0,0,0,0,0,0,0,0,0,0,0,0,0,0,0,3.90,8-20-1997,
VS,MON,N,0,0,0,1,1,0.1,0,1,0,0,0,0,0,1,0,0,0,0,0,0,0,0,0,0,0,3.88,8-22-1997,
VS,FLA,N,0,0,0,1,1,1,0,4,0,0,0,1,0,0,0,0,0,0,0,0,0,0,0,0,0,3.82,8-25-1997,
VS,FLA,N,0,0,0,1,0,1,2,8,0,3,0,1,1,0,0,0,0,0,0,0,0,0,2,0,1,3.76,8-27-1997,
VS,FLA,N,0,0,0,1,0,0.1,1,4,0,0,0,2,0,0,0,0,0,0,0,0,0,0,0,1,0,3.74,8-28-1997,
AT,CLE,A,0,0,0,1,0,1,0,3,0,0,0,0,0,1,0,0,0,0,0,0,0,0,0,0,0,3.68,8-30-1997,
VS,MIN,A,0,0,0,1,0,1,0,3,0,0,0,0,0,1,0,0,0,0,0,0,0,0,0,0,0,3.63,9- 3-1997,
VS,NY,N,0,0,0,1,1,1,2,5,0,1,1,0,0,2,0,0,0,0,0,0,0,0,0,0,0,3.71,9- 6-1997,
AT,CIN,N,0,0,0,1,0,1,0,3,0,0,0,0,0,1,0,0,0,0,0,0,0,0,0,0,0,3.65,9- 9-1997,
AT,CIN,N,0,0,0,1,1,1,1,5,0,0,0,1,0,2,0,0,0,0,0,0,0,0,0,0,0,3.60,9-10-1997,
AT,PIT,N,0,0,0,1,1,1,0,4,0,0,0,1,0,2,0,0,0,0,0,0,0,0,0,0,0,3.55,9-13-1997,
AT,PIT,N,0,0,0,1,1,1,0,3,0,0,0,1,0,0,0,0,0,0,0,0,0,1,0,0,0,3.50,9-14-1997,
VS,STL,N,0,0,0,1,0,1,4,8,1,3,3,1,0,1,0,0,0,0,0,0,0,0,0,0,0,3.82,9-18-1997,
VS,PHI,N,0,0,0,0,0,0,3,6,0,3,3,1,0,0,0,0,0,0,0,0,0,0,2,0,1,4.19,9-20-1997,
AT,HOU,N,0,0,0,1,1,1,2,6,0,0,0,1,0,1,0,0,0,0,0,0,0,0,0,0,0,4.14,9-24-1997,
AT,STL,N,0,0,0,0,0,0,3,4,0,4,4,0,0,0,1,0,0,0,0,1,0,0,1,0,0,4.62,9-27-1997,
AT,FLA,N,0,0,0,1,0,1,1,4,0,0,0,0,0,2,0,1,0,0,0,0,0,0,0,0,0,0.00,3-31-1998,
AT,FLA,N,0,0,0,0,0,1,2,5,1,1,1,0,0,0,0,0,0,0,0,0,0,0,0,0,0,4.50,4- 1-1998,
VS,MON,N,0,0,0,0,0,1,1,4,0,0,0,0,0,0,0,0,0,0,0,0,0,0,0,0,0,3.00,4- 4-1998,
VS,NY,N,0,0,0,1,0,1,0,3,0,0,0,0,0,2,0,0,0,0,0,0,0,0,0,0,0,2.25,4- 7-1998,
VS,NY,N,0,0,0,0,0,0.2,0,2,0,0,0,0,0,0,0,0,0,0,0,0,0,0,0,0,0,1.93,4- 9-1998,
AT,MON,N,0,0,0,1,0,2,3,9,0,1,1,0,0,2,0,0,0,0,0,1,0,0,0,0,1,2.70,4-11-1998,
AT,NY,N,0,0,0,1,0,2,0,6,0,0,0,0,0,1,0,0,0,0,0,0,0,0,0,0,0,2.08,4-15-1998,
AT,NY,N,0,0,0,0,0,1,0,3,0,0,0,0,0,3,0,0,0,0,0,0,0,0,0,0,0,1.86,4-16-1998,
VS,LA,N,0,0,0,1,0,1,1,4,1,1,1,0,0,2,0,0,0,0,0,0,0,0,0,0,0,2.53,4-18-1998,
VS,SD,N,0,0,0,0,0,1,2,6,0,1,1,1,0,1,0,0,0,0,0,1,0,0,0,0,0,3.09,4-21-1998,
VS,SD,N,0,0,0,0,0,3,2,10,0,0,0,1,0,4,0,0,0,0,1,0,0,1,0,0,0,2.45,4-22-1998,
AT,LA,N,0,0,0,0,0,3,0,9,0,0,0,1,0,4,0,0,0,0,0,0,0,0,0,0,0,2.04,4-26-1998,
VS,STL,N,0,0,0,1,0,1.1,1,6,0,0,0,1,0,3,0,0,0,0,0,0,0,0,0,0,0,1.89,4-30-1998,
VS,STL,N,0,0,0,0,0,0,0,1,0,0,0,1,0,0,0,0,0,0,0,0,0,0,0,0,0,1.89,5- 1-1998,
VS,STL,N,0,0,0,1,0,2,0,6,0,0,0,0,0,3,0,0,0,0,0,0,0,0,0,1,0,1.71,5- 2-1998,
VS,HOU,N,0,0,0,0,0,0.1,2,4,0,2,1,1,0,0,0,0,0,0,0,1,0,0,0,0,0,2.11,5- 5-1998,
VS,SF,N,0,0,0,0,0,1,0,3,0,0,0,0,0,0,0,0,0,0,0,0,0,0,0,0,0,2.01,5- 8-1998,
AT,ARI,N,0,0,0,0,0,1,0,4,0,0,0,1,0,2,0,0,0,0,0,0,0,0,0,0,0,1.93,5-11-1998,
AT,ARI,N,0,0,0,0,0,0.2,1,3,1,1,1,0,0,1,0,0,0,0,0,0,0,0,0,1,0,2.25,5-12-1998,
AT,COL,N,0,0,0,0,0,1.2,2,8,1,1,1,0,0,3,0,0,0,0,0,0,0,0,1,0,0,2.45,5-14-1998,
AT,CIN,N,0,0,0,0,0,0.2,0,3,0,0,0,0,0,0,0,0,0,0,0,0,0,0,1,0,0,2.39,5-16-1998,
VS,LA,N,0,0,0,0,0,1,0,4,0,0,0,1,0,1,0,0,0,0,0,0,0,0,0,0,0,2.30,5-19-1998,
VS,LA,N,0,0,0,0,0,0.1,2,4,0,2,2,1,0,0,0,0,0,0,0,0,0,0,0,0,1,2.93,5-21-1998,
AT,ATL,N,0,0,0,0,0,1,1,5,0,0,0,1,1,2,0,0,0,0,0,0,0,0,0,0,0,2.83,5-23-1998,
AT,ATL,N,0,0,0,1,0,1,3,6,0,1,1,0,0,1,0,0,0,0,0,1,0,0,0,0,1,3.03,5-24-1998,
VS,PHI,N,0,0,0,0,0,1.2,0,5,0,0,0,0,0,1,0,1,0,0,0,0,0,0,0,0,0,2.87,5-28-1998,
VS,ATL,N,0,0,0,1,0,2,0,8,0,0,0,2,0,2,1,0,0,0,0,0,0,0,0,1,0,2.70,5-29-1998,
VS,FLA,N,0,0,0,1,0,1,0,4,0,0,0,1,0,1,1,0,0,0,0,0,0,0,0,1,0,2.62,6- 2-1998,
VS,CHI,A,0,0,0,0,0,1.1,0,5,0,0,0,1,0,3,0,0,0,0,0,0,0,0,0,0,0,2.52,6- 5-1998,
VS,CHI,A,0,0,0,0,0,1.2,1,7,0,0,0,1,0,2,0,0,0,0,0,0,0,0,0,0,0,2.41,6- 6-1998,
AT,PHI,N,0,0,0,1,0,1,1,4,0,0,0,0,0,1,0,0,0,0,0,0,0,0,0,0,0,2.35,6-12-1998,
AT,PHI,N,0,0,0,0,0,2,2,9,0,0,0,1,0,1,0,0,0,0,0,0,0,0,0,1,0,2.23,6-13-1998,
VS,MIL,N,0,0,0,0,0,0.2,0,3,0,0,0,1,0,0,0,0,0,0,0,0,0,0,0,1,0,2.20,6-15-1998,
VS,PHI,N,0,0,0,0,0,1.2,2,8,0,0,0,1,0,1,1,0,0,0,0,0,0,0,0,0,0,2.11,6-19-1998,
VS,PHI,N,0,0,0,1,0,1.2,1,6,0,0,0,0,0,0,0,0,0,0,0,0,0,0,0,0,0,2.03,6-20-1998,
VS,CLE,A,0,0,0,0,0,1.1,3,9,0,1,1,2,1,0,0,0,0,0,0,0,0,0,0,0,0,2.17,6-22-1998,
VS,CLE,A,0,0,0,0,0,0.1,3,4,1,2,2,0,0,0,0,0,0,0,0,1,0,0,0,0,1,2.54,6-23-1998,
AT,DET,A,0,0,0,0,0,0.1,0,3,0,2,2,2,0,0,0,0,0,0,0,0,0,0,0,0,1,2.91,6-25-1998,
AT,KC,A,0,0,0,0,0,0.2,2,6,0,1,1,1,0,1,0,0,0,1,0,0,0,0,0,0,0,3.06,6-27-1998,
VS,ARI,N,0,0,0,0,0,0.1,0,3,0,2,0,1,0,0,0,0,0,0,0,0,0,0,1,0,0,3.04,7- 1-1998,
VS,PIT,N,0,0,0,0,0,0.1,2,3,0,0,0,0,0,0,0,1,0,0,0,0,0,0,0,0,0,3.02,7- 3-1998,
VS,PIT,N,0,0,0,0,0,0.1,1,5,0,1,0,2,0,1,0,0,0,0,0,0,0,0,1,0,0,3.00,7- 4-1998,
AT,MIL,N,0,0,0,1,0,1,3,6,0,3,3,1,1,1,0,0,0,0,0,1,1,0,0,0,0,3.49,7-10-1998,
AT,PIT,N,0,0,0,0,0,0.2,3,5,0,2,2,0,0,1,0,0,0,0,2,1,0,0,0,0,0,3.81,7-13-1998,
AT,FLA,N,0,0,0,0,0,1.1,0,4,0,0,0,0,0,1,0,0,0,0,0,0,0,0,0,0,0,3.71,7-19-1998,
VS,MON,N,0,0,0,0,0,1,0,3,0,0,0,0,0,1,0,0,0,0,0,0,0,0,0,1,0,3.63,7-22-1998,
VS,NY,N,0,0,0,1,0,1,0,3,0,0,0,0,0,1,0,0,0,0,0,0,0,0,0,0,0,3.57,7-24-1998,1
VS,NY,N,0,0,0,0,0,1,3,7,0,2,2,1,0,0,0,0,0,0,0,1,0,0,0,0,1,3.83,7-24-1998,2
VS,NY,N,0,0,0,0,0,0.2,0,3,0,0,0,1,0,0,0,0,0,0,0,0,0,0,0,0,0,3.79,7-26-1998,
AT,ARI,N,0,0,0,1,1,2.1,1,9,0,0,0,1,0,1,0,0,0,0,0,0,0,0,0,0,0,3.63,7-29-1998,
VS,ARI,N,0,0,0,0,0,2,2,9,0,1,1,1,0,2,0,0,0,0,0,0,0,0,0,0,0,3.66,8- 3-1998,
AT,STL,N,0,0,0,0,0,1,0,3,0,0,0,0,0,0,0,0,0,0,0,0,0,0,0,0,0,3.60,8- 7-1998,
AT,STL,N,0,0,0,0,0,1.1,2,6,0,0,0,0,0,2,0,0,0,0,0,0,0,0,0,0,0,3.52,8- 8-1998,
AT,SF,N,0,0,0,0,0,1,2,6,1,3,3,1,0,0,0,0,0,0,0,0,0,0,0,0,1,3.90,8-11-1998,
AT,HOU,N,0,0,0,0,0,0,0,1,0,0,0,1,0,0,0,0,0,0,0,0,0,0,0,0,0,3.90,8-15-1998,
VS,STL,N,0,0,0,0,0,0,0,1,0,0,0,1,0,0,0,0,0,0,0,0,0,0,0,0,0,3.90,8-19-1998,
VS,SF,N,0,0,0,0,0,1.1,1,6,0,0,0,2,0,1,0,0,0,0,0,0,0,1,0,0,0,3.82,8-20-1998,
VS,HOU,N,0,0,0,0,0,2.1,6,13,1,4,4,1,0,0,0,0,0,0,0,0,0,0,0,0,0,4.23,8-22-1998,
VS,CIN,N,0,0,0,0,0,2,0,6,0,0,0,0,0,4,0,0,0,0,0,0,0,0,0,0,0,4.10,9- 1-1998,
AT,PIT,N,0,0,0,0,0,1.1,2,7,0,0,0,1,0,2,0,0,0,0,0,0,0,0,0,0,0,4.02,9- 5-1998,
AT,PIT,N,0,0,0,0,0,2,1,8,0,0,0,2,0,2,0,0,0,0,0,0,0,1,0,0,0,3.91,9- 6-1998,
VS,MIL,N,0,0,0,0,0,0.2,2,6,0,3,3,1,0,2,0,0,3,0,0,1,0,0,1,0,0,4.25,9-11-1998,
VS,CIN,N,0,0,0,0,0,0.2,2,4,0,1,1,0,0,1,0,0,1,0,0,0,0,0,0,0,0,4.33,9-18-1998,
AT,CIN,N,0,0,0,0,0,0.2,3,7,0,3,3,2,1,2,0,0,0,0,0,1,0,0,0,0,1,40.50,5- 9-1999,
AT,LA,N,0,0,0,1,0,2,3,9,1,1,1,0,0,2,0,0,0,0,0,0,0,0,0,0,0,13.50,5-11-1999,
VS,ATL,N,0,0,0,1,0,0.2,1,3,0,0,0,0,0,1,0,0,0,0,0,0,0,0,0,0,0,10.80,5-16-1999,
AT,FLA,N,0,0,0,0,0,2,0,6,0,0,0,0,0,4,0,0,0,0,0,0,0,0,0,0,0,6.75,5-18-1999,
AT,FLA,N,0,0,0,1,1,1,0,3,0,0,0,0,0,3,0,0,0,0,0,0,0,0,0,0,0,5.68,5-19-1999,
AT,ATL,N,0,0,0,1,0,2,1,7,0,0,0,1,0,2,0,0,0,0,0,0,0,1,0,1,0,4.32,5-21-1999,
AT,ATL,N,0,0,0,1,0,1.1,0,5,0,0,0,1,0,0,0,0,0,0,0,0,0,0,0,0,0,3.72,5-23-1999,
VS,FLA,N,0,0,0,0,0,0.1,0,2,0,0,0,1,0,0,0,0,1,0,0,0,0,0,0,0,0,3.60,5-24-1999,
VS,FLA,N,0,0,0,0,0,1,0,3,0,0,0,0,0,1,0,0,0,0,0,0,0,0,0,0,0,3.27,5-26-1999,
VS,STL,N,0,0,0,0,0,1.2,4,9,2,3,3,1,0,1,0,0,0,0,0,0,0,1,0,0,0,4.97,5-30-1999,
VS,SD,N,0,0,0,1,0,1,2,5,0,0,0,0,0,1,0,0,0,0,0,0,0,0,0,0,0,4.61,6- 3-1999,
AT,CLE,A,0,0,0,1,1,1,2,5,0,0,0,0,0,2,0,0,0,0,0,0,0,0,0,0,0,4.30,6- 4-1999,
AT,ARI,N,0,0,0,1,0,1.1,0,4,0,0,0,0,0,1,0,0,0,0,0,0,0,0,0,1,0,3.94,6- 7-1999,
AT,ARI,N,0,0,0,1,1,1,1,4,0,0,0,0,0,2,0,0,0,0,0,1,0,0,0,0,0,3.71,6- 8-1999,
VS,CHI,A,0,0,0,1,0,1,1,5,0,0,0,1,0,0,0,0,0,0,0,1,0,0,0,0,0,3.50,6-12-1999,
AT,MIL,N,0,0,0,1,1,1,2,5,0,0,0,0,0,1,0,0,0,0,0,1,0,0,0,0,0,3.32,6-15-1999,
AT,SF,N,0,0,0,1,0,1,0,3,0,0,0,0,0,0,0,0,0,0,0,0,0,0,0,0,0,3.15,6-18-1999,
AT,PIT,N,0,0,0,1,0,2,2,8,1,2,2,0,0,1,0,0,0,0,0,0,0,0,0,0,0,3.68,7- 6-1999,
AT,CHI,A,0,0,0,1,0,2.2,2,14,0,1,0,3,1,1,0,1,1,0,0,0,0,0,1,0,1,3.28,7- 9-1999,
AT,CHI,A,0,0,0,1,1,1.2,0,4,0,0,0,0,0,2,0,0,0,0,0,0,0,1,0,0,0,3.08,7-11-1999,
VS,MIN,A,0,0,0,1,1,1.1,2,6,0,0,0,1,0,0,0,0,0,0,0,0,0,1,0,0,0,2.93,7-15-1999,
VS,MIN,A,0,0,0,1,0,1,3,7,1,3,2,0,0,0,1,0,0,0,0,0,0,0,1,1,0,3.45,7-16-1999,
VS,KC,A,0,0,0,1,1,1,1,4,1,1,1,1,0,0,0,0,0,0,0,0,0,1,0,0,0,3.64,7-20-1999,
VS,PIT,N,0,0,0,1,1,1,2,6,0,0,0,1,0,0,0,0,0,0,0,1,0,0,0,0,0,3.52,7-22-1999,
AT,MON,N,0,0,0,1,0,1,0,3,0,0,0,0,0,0,0,0,0,0,0,0,0,0,0,0,0,3.41,7-26-1999,
AT,MON,N,0,0,0,1,1,0.1,0,1,0,0,0,0,0,0,0,0,0,0,0,0,0,0,0,0,0,3.38,7-27-1999,
VS,NY,N,0,0,0,1,0,1.1,0,4,0,0,0,0,0,2,0,0,0,0,0,0,0,0,0,0,0,3.24,7-31-1999,
VS,NY,N,0,0,0,0,0,1,1,6,0,1,1,2,0,1,0,1,0,0,0,0,0,0,0,0,0,3.41,8- 1-1999,
VS,MON,N,0,0,0,1,0,1,0,4,0,0,0,2,0,1,0,0,0,0,0,0,0,1,0,0,0,3.31,8- 5-1999,
VS,HOU,N,0,0,0,1,0,1,3,7,0,2,2,1,0,2,0,0,0,0,0,0,0,0,0,0,0,3.72,8- 7-1999,
VS,ARI,N,0,0,0,1,0,1,1,3,0,0,0,0,0,0,0,0,0,0,0,0,0,0,0,0,0,3.62,8-10-1999,
VS,ARI,N,0,0,0,0,0,1.2,0,5,0,0,0,0,0,1,0,0,0,0,0,0,0,0,0,0,0,3.46,8-11-1999,
AT,STL,N,0,0,0,1,0,2,0,6,0,0,0,0,0,3,0,0,0,0,0,0,0,0,0,1,0,3.29,8-14-1999,
AT,STL,N,0,0,0,1,0,1,2,6,0,2,1,1,0,1,0,0,0,0,0,0,0,0,0,0,1,3.43,8-15-1999,
VS,COL,N,0,0,0,0,0,0.2,4,7,0,3,3,1,0,0,0,0,0,0,0,2,0,0,0,0,0,4.01,8-20-1999,
VS,COL,N,0,0,0,1,1,0.1,1,2,0,0,0,0,0,0,0,0,1,0,0,1,0,0,0,0,0,3.98,8-21-1999,
VS,SF,N,0,0,0,1,0,1,0,5,0,0,0,1,0,2,0,0,0,0,0,0,0,0,1,0,0,3.89,8-25-1999,1
VS,SF,N,0,0,0,1,0,1,0,3,0,0,0,0,0,0,0,0,0,0,0,0,0,0,0,1,0,3.80,8-26-1999,
AT,SD,N,0,0,0,1,0,1,1,4,1,1,1,0,0,0,0,0,0,0,0,0,0,0,0,0,0,3.91,8-30-1999,
AT,SD,N,0,0,0,1,1,2,1,6,0,0,0,0,0,2,0,0,0,0,0,0,0,1,0,0,0,3.75,9- 1-1999,
VS,LA,N,0,0,0,1,0,1,0,3,0,0,0,0,0,0,0,0,0,0,0,0,0,0,0,0,0,3.67,9- 3-1999,
VS,CIN,N,0,0,0,1,1,1,0,4,0,0,0,1,0,2,0,0,0,0,0,0,0,0,0,0,0,3.60,9- 7-1999,1
VS,CIN,N,0,0,0,1,0,0.1,0,1,0,0,0,0,0,1,0,0,1,0,0,0,0,0,0,0,0,3.58,9- 8-1999,
AT,HOU,N,0,0,0,0,0,0.1,2,5,0,2,2,2,0,1,0,0,1,0,0,0,0,0,0,0,0,3.91,9-10-1999,
AT,HOU,N,0,0,0,1,0,1,4,7,0,3,3,0,0,0,0,0,0,0,0,2,0,0,0,0,0,4.35,9-12-1999,
AT,CIN,N,0,0,0,1,1,1,3,7,1,2,2,1,0,1,0,0,0,0,0,0,0,0,0,0,0,4.61,9-14-1999,
AT,CIN,N,0,0,0,0,0,1.1,1,5,0,1,0,0,0,1,0,0,0,0,0,1,0,0,0,1,0,4.50,9-16-1999,
VS,MIL,N,0,0,0,0,0,2.2,0,8,0,0,0,1,0,2,0,1,0,0,0,0,0,0,0,0,0,4.29,9-17-1999,
VS,MIL,N,0,0,0,0,0,2.1,2,11,1,2,2,2,0,0,0,0,0,0,0,1,0,0,0,0,0,4.42,9-19-1999,
VS,PIT,N,0,0,0,0,0,2,1,7,0,0,0,0,0,2,0,0,1,0,0,0,0,0,0,0,0,4.28,9-23-1999,
VS,PIT,N,0,0,0,0,0,2,1,7,0,0,0,0,0,2,0,0,0,0,0,1,0,0,0,0,0,4.14,9-26-1999,
AT,PHI,N,0,0,0,1,0,2,0,6,0,0,0,0,0,3,0,0,0,0,0,0,0,0,0,0,0,4.02,9-30-1999,
AT,MON,N,0,0,0,1,1,3,2,12,1,1,1,1,0,1,0,0,0,0,0,0,0,0,0,0,0,3.00,4- 3-2000,
AT,NY,N,0,0,0,1,0,1,0,3,0,0,0,0,0,0,0,0,0,0,0,0,0,0,0,0,0,2.25,4- 7-2000,
AT,SF,N,0,0,0,0,0,2,1,7,1,1,1,0,0,0,0,0,0,0,0,0,0,0,0,0,0,3.00,4-11-2000,
AT,SF,N,0,0,0,0,0,1.2,1,6,0,0,0,0,0,0,0,0,0,0,0,0,0,0,0,1,0,2.35,4-12-2000,
VS,CIN,N,0,0,0,0,0,1,3,6,0,0,0,0,0,1,0,0,0,0,0,0,0,0,0,0,0,2.08,4-14-2000,
VS,CIN,N,0,0,0,1,0,1,0,4,0,0,0,1,0,0,0,0,0,0,0,0,0,0,0,0,0,1.86,4-16-2000,
VS,HOU,N,0,0,0,0,0,1.1,1,6,0,0,0,1,0,0,0,0,0,0,0,0,0,0,0,0,0,1.64,4-18-2000,
AT,CIN,N,0,0,0,1,1,2,3,9,0,0,0,1,0,2,0,0,0,0,0,1,0,1,0,0,0,1.38,4-21-2000,
AT,NY,N,0,0,0,1,0,2.1,3,12,0,1,1,1,0,0,0,0,0,0,0,2,0,0,1,0,1,1.76,4-24-2000,
AT,ATL,N,0,0,0,0,0,0.2,0,2,0,0,0,0,0,0,0,0,0,0,0,0,0,0,0,0,0,1.69,4-27-2000,
VS,FLA,N,0,0,0,0,0,2,1,8,0,1,0,1,0,1,0,0,0,0,0,0,0,1,1,1,0,1.50,4-28-2000,
VS,FLA,N,0,0,0,1,0,2,0,6,0,0,0,0,0,0,0,0,0,0,0,0,0,0,0,0,0,1.35,4-30-2000,
VS,ATL,N,0,0,0,0,0,0.1,2,5,0,3,2,2,0,0,0,0,1,0,0,0,0,0,0,0,1,2.21,5- 2-2000,
VS,HOU,N,0,0,0,1,0,1,2,4,0,1,0,0,0,0,0,0,0,0,0,0,0,1,0,0,0,2.11,5- 6-2000,
AT,ARI,N,0,0,0,0,0,1,3,6,0,2,2,1,0,1,0,0,0,0,0,0,0,1,0,0,0,2.82,5- 9-2000,
AT,ARI,N,0,0,0,1,0,0,3,3,0,1,1,0,0,0,0,0,0,0,0,0,0,0,0,0,1,3.22,5-10-2000,
AT,CHI,N,0,0,0,0,0,1,0,4,0,0,0,1,0,0,0,0,0,0,0,0,0,0,0,0,0,3.09,5-16-2000,
AT,FLA,N,0,0,0,0,0,1,2,5,0,0,0,0,0,0,0,0,0,0,0,0,0,0,0,0,0,2.96,5-19-2000,
VS,CIN,N,0,0,0,0,0,2,0,6,0,0,0,0,0,1,0,0,0,0,0,0,0,0,0,0,0,2.73,5-22-2000,
VS,CIN,N,0,0,0,0,0,0.2,0,2,0,0,0,0,0,1,0,0,0,0,0,0,0,0,0,0,0,2.67,5-24-2000,
VS,PHI,N,0,0,0,1,0,2,1,7,0,1,1,1,0,0,1,0,0,0,0,1,0,0,0,0,0,2.79,5-28-2000,
VS,NY,N,0,0,0,1,0,1,1,6,1,3,3,2,0,2,0,0,0,0,0,0,0,0,0,0,0,3.60,5-30-2000,
AT,ANA,A,0,0,0,0,0,2.1,2,9,0,0,0,0,0,1,0,0,0,0,0,1,0,0,0,0,0,3.34,6- 3-2000,
AT,TEX,A,0,0,0,0,0,2,1,8,1,1,1,1,0,4,0,0,0,0,0,0,0,0,0,0,0,3.41,6- 6-2000,
VS,HOU,N,0,0,0,0,0,0.2,0,2,0,0,0,0,0,1,0,0,0,0,0,0,0,0,0,0,0,3.34,6- 8-2000,
VS,ARI,N,0,0,0,1,0,2,0,7,0,0,0,1,0,2,1,0,0,0,0,0,0,0,0,0,0,3.16,6-12-2000,
VS,STL,N,0,0,0,0,0,1,0,3,0,0,0,1,0,1,0,0,0,0,0,0,0,0,0,0,0,3.08,6-16-2000,
VS,STL,N,0,0,0,0,0,1,1,5,0,0,0,1,0,0,0,0,0,0,0,0,0,0,0,0,0,3.00,6-17-2000,
AT,HOU,N,0,0,0,0,0,1,2,6,0,0,0,0,0,3,0,0,1,0,0,0,0,0,1,0,0,2.92,6-20-2000,
AT,HOU,N,0,0,0,1,0,1,2,6,0,1,1,1,0,1,0,0,0,0,0,1,0,0,0,0,0,3.07,6-22-2000,
AT,STL,N,0,0,0,0,0,1,3,7,0,1,1,1,0,1,1,0,0,0,0,0,0,0,0,0,0,3.21,6-24-2000,
VS,SD,N,0,0,0,1,0,2,0,6,0,0,0,0,0,1,0,0,0,0,0,0,0,0,0,1,0,3.07,6-28-2000,
AT,SD,N,0,0,0,0,0,1,0,3,0,0,0,0,0,1,0,0,0,0,0,0,0,0,0,0,0,3.00,7- 5-2000,
AT,SEA,A,0,0,0,0,0,1.2,2,9,0,1,0,1,0,2,0,0,0,0,0,0,0,0,1,0,0,2.89,7- 7-2000,
VS,ANA,A,0,0,0,0,0,1,0,3,0,0,0,0,0,2,0,0,0,0,0,0,0,0,0,0,0,2.83,7-13-2000,
VS,PIT,N,0,0,0,0,0,1,0,4,0,0,0,1,0,1,0,0,0,0,0,0,0,0,0,1,0,2.77,7-16-2000,
VS,PIT,N,0,0,0,0,0,0.2,4,5,1,3,3,0,0,0,0,0,0,0,0,1,0,1,0,0,0,3.28,7-17-2000,
VS,COL,N,0,0,0,0,0,2,1,7,0,0,0,0,0,0,0,0,0,0,0,0,0,0,0,0,0,3.16,7-20-2000,
VS,SF,N,0,0,0,0,0,1.2,0,8,0,0,0,3,0,0,0,0,0,0,0,0,0,1,1,0,0,3.06,7-23-2000,
AT,COL,N,0,0,0,0,0,1,2,5,0,0,0,0,0,0,0,0,0,0,0,0,0,0,0,0,0,3.00,7-25-2000,
AT,COL,N,0,0,0,0,0,2,2,8,0,1,1,0,0,1,0,0,0,0,0,1,0,0,0,0,0,3.05,7-27-2000,
AT,PHI,N,0,0,0,1,0,1.1,0,5,0,0,0,1,0,1,0,0,0,0,0,0,0,0,0,0,0,2.98,7-30-2000,
AT,PIT,N,0,0,0,0,0,1,0,3,0,0,0,0,0,1,0,0,0,0,0,0,0,0,0,0,0,2.93,8- 1-2000,2
AT,PIT,N,0,0,0,0,0,2,2,8,0,0,0,0,0,1,0,0,0,0,0,0,0,0,0,0,0,2.83,8- 2-2000,
VS,MIL,N,0,0,0,0,0,2,1,8,0,0,0,1,0,2,0,0,0,0,0,0,0,0,0,0,0,2.74,8- 5-2000,
VS,CHI,N,0,0,0,0,0,2,0,6,0,0,0,0,0,0,0,0,0,0,0,0,0,0,0,0,0,2.66,8- 9-2000,
AT,ATL,N,0,0,0,0,0,0.2,4,7,0,5,5,1,0,0,0,0,0,0,0,1,0,0,0,0,1,3.32,8-11-2000,
AT,FLA,N,0,0,0,0,0,1,3,7,0,2,2,1,0,1,0,0,0,0,0,1,0,0,0,0,0,3.55,8-15-2000,
AT,FLA,N,0,0,0,0,0,1,1,6,0,1,0,2,0,1,0,0,0,0,0,0,0,0,0,1,0,3.49,8-16-2000,
VS,NY,N,0,0,0,0,0,1,2,7,0,1,1,2,0,1,0,0,0,0,0,0,0,0,0,0,1,3.57,8-18-2000,
VS,NY,N,0,0,0,0,0,2,2,9,0,3,0,0,0,1,0,0,0,0,0,0,0,1,2,0,1,3.47,8-20-2000,
VS,MON,N,0,0,0,0,0,1.1,1,5,0,0,0,0,0,2,0,0,0,0,0,0,0,0,0,1,0,3.41,8-22-2000,
AT,CHI,N,0,0,0,0,0,1.2,0,5,0,0,0,0,0,2,0,0,0,0,0,0,0,0,0,0,0,3.33,8-25-2000,2
AT,CHI,N,0,0,0,0,0,1.1,0,4,0,0,0,1,0,0,0,0,0,0,0,0,0,0,0,0,0,3.27,8-27-2000,
AT,MIL,N,0,0,0,0,0,1,0,4,0,0,0,1,0,2,0,0,0,0,0,0,0,0,0,0,0,3.23,8-28-2000,
AT,MIL,N,0,0,0,1,0,0,2,2,0,1,0,0,0,0,0,0,0,0,0,0,0,0,0,0,1,3.23,8-30-2000,
VS,PHI,N,0,0,0,0,0,0.2,2,6,0,1,1,1,0,1,0,0,0,0,0,0,0,0,1,0,0,3.32,9- 3-2000,
VS,PIT,N,0,0,0,0,0,1,0,5,0,0,0,1,0,1,0,0,1,0,0,0,0,0,1,0,0,3.27,9- 6-2000,
AT,COL,N,0,0,0,0,0,1.1,1,4,0,0,0,0,0,0,0,0,0,0,0,0,0,1,0,0,0,3.22,9- 9-2000,
AT,ARI,N,0,0,0,0,0,0,2,3,0,1,1,1,0,0,0,0,0,0,0,1,0,0,0,0,0,3.33,9-11-2000,
AT,ARI,N,0,0,0,1,0,1.2,3,8,0,1,1,1,0,2,0,0,0,0,0,0,0,1,0,0,1,3.38,9-13-2000,
VS,COL,N,0,0,0,0,0,1,0,4,0,0,0,1,0,1,0,0,0,0,0,0,0,0,0,0,0,3.33,9-15-2000,
VS,ARI,N,0,0,0,0,0,0.1,0,1,0,0,0,0,0,1,0,0,0,0,0,0,0,0,0,0,0,3.32,9-20-2000,
VS,SF,N,0,0,0,1,0,1,0,3,0,0,0,0,0,2,0,0,0,0,0,0,0,0,0,0,0,3.28,9-26-2000,
VS,SF,N,0,0,0,0,0,1,2,5,1,2,2,0,0,0,0,0,0,0,0,0,0,0,0,0,1,3.46,9-28-2000,
AT,SD,N,0,0,0,1,0,1,1,4,0,1,1,0,0,1,0,0,2,0,0,1,0,0,0,0,0,3.52,10- 1-2000,
VS,ARI,N,0,0,0,1,0,2,3,9,0,0,0,0,0,3,0,0,0,0,0,0,0,0,0,0,0,0.00,4- 3-2001,
VS,ARI,N,0,0,0,0,0,1.1,0,4,0,0,0,0,0,3,0,0,0,0,0,0,0,0,0,0,0,0.00,4- 5-2001,
VS,SF,N,0,0,0,0,0,1,0,3,0,0,0,0,0,0,0,0,0,0,0,0,0,0,0,0,0,0.00,4- 8-2001,
AT,ARI,N,0,0,0,0,0,1,1,5,0,0,0,1,0,0,0,0,0,0,0,0,0,0,0,0,0,0.00,4-11-2001,
AT,ARI,N,0,0,0,0,0,1,0,4,0,0,0,1,0,0,0,0,0,0,0,0,0,0,0,0,0,0.00,4-12-2001,
AT,SD,N,0,0,0,0,0,2,1,7,0,0,0,0,0,2,0,0,0,0,0,0,0,0,0,0,0,0.00,4-14-2001,
AT,SF,N,0,0,0,1,0,1.2,3,8,1,2,2,0,0,2,0,0,0,0,0,0,1,0,0,0,1,1.80,4-17-2001,
VS,SD,N,0,0,0,0,0,2,1,7,0,0,0,0,0,1,0,0,0,0,0,0,0,0,0,0,0,1.50,4-21-2001,
VS,PIT,N,0,0,0,1,0,2,0,7,0,0,0,0,0,3,0,0,0,0,0,0,0,0,1,1,0,1.29,4-25-2001,
VS,PHI,N,0,0,0,1,0,2,0,6,0,0,0,1,0,3,0,0,0,0,0,0,0,1,0,1,0,1.12,4-27-2001,
AT,CIN,N,0,0,0,1,0,1,0,3,0,0,0,0,0,0,0,0,0,0,0,0,0,0,0,0,0,1.06,5- 1-2001,
AT,CIN,N,0,0,0,0,0,2,4,11,0,3,3,1,0,1,0,0,0,0,0,1,0,0,0,0,0,2.37,5- 3-2001,
AT,CHI,N,0,0,0,0,0,0,6,7,0,7,7,0,0,0,1,0,0,0,0,1,0,0,1,0,0,5.68,5- 5-2001,
VS,FLA,N,0,0,0,0,0,2,2,7,0,0,0,0,0,0,0,0,0,0,0,0,0,1,0,0,0,5.14,5-10-2001,
AT,MON,N,0,0,0,1,0,1,0,4,0,0,0,1,0,1,0,0,0,0,0,0,0,0,0,0,0,4.91,5-15-2001,
AT,MON,N,0,0,0,1,0,2,1,7,1,1,1,0,0,2,0,0,0,0,0,0,0,0,0,0,0,4.88,5-17-2001,
AT,NY,N,0,0,0,0,0,1,0,3,0,0,0,0,0,1,0,0,0,0,0,0,0,0,0,0,0,4.68,5-19-2001,
AT,NY,N,0,0,0,1,0,1,1,6,0,1,1,2,1,1,0,0,1,0,0,0,0,0,0,0,1,4.85,5-20-2001,
AT,COL,N,0,0,0,1,0,1.1,4,8,0,2,1,1,0,2,0,0,0,0,0,0,0,0,0,0,0,4.94,5-22-2001,
VS,COL,N,0,0,0,0,0,1.2,2,7,0,2,2,0,0,1,0,0,0,0,0,0,0,0,0,0,0,5.28,5-28-2001,
AT,HOU,N,0,0,0,1,0,1,0,3,0,0,0,0,0,1,0,0,0,0,0,0,0,0,0,0,0,5.10,6- 2-2001,
AT,ARI,N,1,0,0,0,0,4.2,5,20,0,3,3,0,0,5,0,0,1,0,1,0,0,0,1,0,0,5.19,6- 5-2001,
VS,ANA,A,1,0,0,0,0,6,5,25,0,2,1,0,0,9,0,0,0,0,0,1,0,0,2,0,0,4.65,6-10-2001,
AT,ANA,A,1,0,0,0,0,5,6,25,0,5,5,3,0,5,0,0,1,1,0,2,0,0,0,0,0,5.12,6-16-2001,
VS,SD,N,1,0,0,0,0,5,7,24,0,4,4,3,0,5,0,0,0,0,0,2,1,0,0,0,0,5.33,6-22-2001,
AT,SF,N,1,0,0,0,0,7,7,33,0,3,3,6,0,4,0,0,0,0,0,1,0,1,0,1,0,5.15,6-27-2001,
VS,SF,N,1,0,0,0,0,6,6,24,1,5,5,0,0,4,1,0,0,0,0,0,0,0,0,1,0,5.37,7- 2-2001,
VS,SEA,A,1,0,0,0,0,7,3,23,1,1,1,1,0,4,0,0,0,0,0,1,0,1,0,0,0,4.97,7- 7-2001,
AT,OAK,A,1,0,0,0,0,6,12,29,0,4,4,1,0,3,0,0,0,0,0,2,0,2,0,0,1,5.05,7-12-2001,
AT,PIT,N,1,0,0,0,0,8,5,29,0,1,1,2,0,7,0,0,0,0,0,1,0,1,0,1,0,4.68,7-17-2001,
AT,COL,N,1,0,0,0,0,5.1,11,30,0,6,5,3,0,3,1,0,1,0,0,0,0,0,0,1,0,4.90,7-22-2001,
VS,COL,N,1,0,0,0,0,7,6,27,1,2,2,0,0,7,0,0,0,0,1,0,0,0,0,1,0,4.73,7-27-2001,
VS,CIN,N,1,0,0,0,0,4.1,9,23,0,5,5,3,0,3,0,0,1,0,0,3,0,2,1,0,1,4.97,8- 1-2001,
AT,PIT,N,1,0,0,0,0,7,6,26,0,1,1,1,0,4,0,0,0,0,0,2,0,1,0,1,0,4.74,8- 7-2001,
AT,PHI,N,1,0,0,0,0,6,5,24,1,3,3,1,0,6,0,0,0,0,0,1,0,0,0,0,1,4.72,8-12-2001,
VS,NY,N,1,0,0,0,0,6,5,23,1,2,2,4,0,2,0,0,0,0,0,0,0,3,0,1,0,4.64,8-17-2001,
AT,FLA,N,1,0,0,0,0,4.1,9,25,1,4,4,2,0,6,1,0,0,1,0,4,0,0,0,0,1,4.76,8-22-2001,
AT,ATL,N,1,0,0,0,0,7,8,28,0,2,2,2,0,8,0,0,0,0,0,2,0,1,0,1,0,4.65,8-27-2001,
VS,STL,N,1,0,0,0,0,8,3,28,0,1,0,1,0,7,0,0,0,0,0,0,0,1,1,1,0,4.38,9- 1-2001,
AT,COL,N,1,0,0,0,0,6,8,28,0,2,2,2,0,6,0,0,0,1,0,3,0,1,0,1,0,4.32,9- 6-2001,
VS,SD,N,1,0,0,0,0,8,2,28,1,2,2,2,0,5,0,0,1,0,0,1,0,0,0,0,1,4.22,9-18-2001,
VS,ARI,N,1,0,0,0,0,6.2,8,32,0,6,6,4,0,6,1,0,0,0,0,1,0,0,0,0,1,4.38,9-23-2001,
AT,ARI,N,1,0,0,0,0,6,7,28,0,2,2,5,0,5,1,0,1,0,0,3,0,1,0,0,0,4.33,9-28-2001,
AT,ATL,N,1,0,0,0,0,5.2,8,26,1,6,6,2,0,6,0,0,1,0,0,0,0,1,0,0,1,9.53,4- 4-2002,
VS,ATL,N,1,0,0,0,0,6.2,7,28,1,4,4,2,0,1,1,0,1,0,0,0,1,1,0,0,0,7.30,4- 9-2002,
AT,PIT,N,1,0,0,0,0,5,8,27,0,6,1,3,0,0,0,0,0,0,0,2,0,1,2,0,1,5.71,4-20-2002,
AT,COL,N,1,0,0,0,0,6,8,29,0,2,2,4,2,7,0,0,0,0,0,2,0,1,1,0,1,5.01,4-26-2002,
AT,SF,N,1,0,0,0,0,6,3,21,0,1,0,1,0,4,1,0,1,0,0,0,0,2,1,0,0,3.99,5- 1-2002,
VS,HOU,N,1,0,0,0,0,4,4,22,0,4,2,4,0,3,2,0,1,0,0,2,0,0,2,0,0,4.05,5- 7-2002,
VS,ARI,N,1,0,0,0,0,6,4,23,0,1,0,0,0,7,1,0,0,1,0,0,0,0,1,1,0,3.43,5-12-2002,
AT,ARI,N,1,0,0,0,0,5,6,22,2,5,5,1,0,3,0,0,0,0,0,1,0,0,0,0,0,4.06,5-17-2002,
VS,NY,N,1,0,0,0,0,6,9,26,1,2,1,1,0,4,0,0,0,0,0,0,0,1,0,1,0,3.75,5-22-2002,
AT,NY,N,1,0,0,0,0,5,6,22,1,3,3,1,0,4,0,0,0,0,0,0,0,1,1,0,0,3.90,5-28-2002,
VS,FLA,N,1,0,0,0,0,4.1,5,22,0,5,5,5,0,4,0,1,1,1,0,2,0,2,0,0,1,4.37,6- 4-2002,
AT,CLE,A,1,0,0,0,0,6,4,25,0,1,1,3,0,2,0,0,1,0,0,0,0,0,0,1,0,4.11,6-10-2002,
VS,BAL,A,1,0,0,0,0,7,4,25,0,3,3,2,0,7,0,0,0,0,0,2,0,1,0,0,1,4.09,6-16-2002,
VS,MIN,A,1,0,0,0,0,7,3,27,0,1,1,3,0,3,1,0,0,0,0,0,0,0,0,0,0,3.84,6-22-2002,
AT,FLA,N,1,0,0,0,0,7,8,27,1,3,3,0,0,4,0,0,0,0,0,1,0,2,0,1,0,3.84,6-27-2002,
VS,NY,N,1,0,0,0,0,5,8,25,0,6,6,1,0,5,0,1,0,0,0,3,0,0,1,0,1,4.22,7- 2-2002,
VS,MON,N,1,0,0,0,0,3.2,5,21,0,5,5,5,0,3,2,0,0,0,0,0,1,0,0,0,0,4.53,7- 7-2002,
AT,MON,N,1,0,0,0,0,2.1,4,18,0,5,5,6,1,1,0,0,0,1,0,0,0,0,0,0,0,4.88,7-15-2002,
VS,ATL,N,1,0,0,0,0,5,6,23,0,4,4,3,1,2,0,0,2,0,0,1,0,0,0,0,1,5.00,7-20-2002,
AT,CHI,N,0,0,0,0,0,0.1,0,1,0,0,0,0,0,0,0,0,0,0,0,0,0,0,0,0,0,4.98,7-23-2002,
AT,ATL,N,0,0,0,0,0,1,0,2,0,0,0,0,0,0,0,0,0,0,0,0,0,1,0,0,0,4.93,7-26-2002,
AT,ATL,N,0,0,0,1,0,1.2,0,6,0,0,0,1,0,2,0,0,0,0,0,0,0,0,0,0,0,4.85,7-28-2002,
VS,SF,N,0,0,0,0,0,2,2,7,0,0,0,0,0,1,0,0,0,0,0,1,0,1,0,0,0,4.76,7-31-2002,
VS,SF,N,0,0,0,0,0,1,1,4,0,0,0,0,0,0,0,0,0,0,0,0,0,0,0,0,0,4.72,8- 1-2002,
VS,LA,N,0,0,0,0,0,0.2,1,3,0,1,1,0,0,1,0,0,0,0,0,0,0,0,0,0,0,4.77,8- 3-2002,
VS,LA,N,0,0,0,1,0,2,2,7,0,1,1,0,0,2,0,0,0,0,0,1,0,0,0,0,0,4.77,8- 4-2002,
AT,SD,N,0,0,0,0,0,2,0,6,0,0,0,0,0,0,0,0,0,0,0,0,0,0,0,0,0,4.69,8- 6-2002,
AT,SD,N,0,0,0,1,0,1.2,3,11,1,4,4,3,1,0,1,0,0,0,0,0,1,0,0,0,1,4.93,8- 8-2002,
AT,LA,N,0,0,0,0,0,1,0,3,0,0,0,0,0,0,0,0,0,0,0,0,0,0,0,0,0,4.89,8-11-2002,
VS,MIL,N,0,0,0,0,0,1,1,5,0,1,1,1,0,1,0,0,0,0,0,1,0,0,0,0,0,4.92,8-13-2002,
VS,STL,N,0,0,0,1,0,1,1,4,0,0,0,0,0,2,0,0,0,0,0,0,0,0,0,0,0,4.88,8-18-2002,
AT,MIL,N,0,0,0,0,0,0.1,1,4,0,0,0,2,0,0,0,0,0,0,0,0,0,0,0,0,0,4.87,8-21-2002,
AT,STL,N,0,0,0,1,0,3,2,10,0,0,0,0,0,4,0,0,0,0,0,0,0,1,0,1,0,4.75,8-23-2002,
VS,MON,N,0,0,0,0,0,1,0,4,0,0,0,2,0,1,0,0,0,0,0,0,0,0,0,0,0,4.71,8-27-2002,
VS,MON,N,0,0,0,0,0,1,0,3,0,0,0,0,0,0,0,0,0,0,0,0,0,0,0,0,0,4.67,8-29-2002,
AT,NY,N,0,0,0,1,0,1,0,3,0,0,0,0,0,0,0,0,0,0,0,0,0,0,0,0,0,4.63,9- 1-2002,
AT,MON,N,0,0,0,1,0,0.1,2,3,0,1,1,0,0,0,1,0,0,0,0,1,0,0,0,0,1,4.69,9- 3-2002,
VS,NY,N,0,0,0,1,0,1,1,5,0,0,0,0,0,1,0,0,0,0,0,0,0,0,1,0,0,4.66,9- 8-2002,
VS,FLA,N,0,0,0,1,0,1,1,4,0,0,0,0,0,1,0,0,0,0,0,0,0,0,0,0,0,4.62,9-10-2002,2
VS,PIT,N,0,0,0,1,0,2,0,6,0,0,0,0,0,1,0,0,0,0,0,0,0,0,0,0,0,4.55,9-13-2002,
VS,PIT,N,0,0,0,0,0,1,0,4,0,0,0,1,0,1,0,0,0,0,0,0,0,0,0,0,0,4.51,9-14-2002,
AT,ATL,N,0,0,0,0,0,1,1,4,0,0,0,0,0,3,0,0,0,0,0,0,0,0,0,0,0,4.48,9-18-2002,
AT,CIN,N,0,0,0,0,0,2,2,8,1,1,1,0,0,0,0,0,0,0,0,0,0,0,0,1,0,4.48,9-21-2002,1
AT,CIN,N,0,0,0,0,0,1,0,4,0,0,0,1,0,1,0,0,0,0,0,0,0,0,0,1,0,4.44,9-21-2002,2
VS,ATL,N,0,0,0,0,0,1,0,3,0,0,0,0,0,2,0,0,0,0,0,0,0,0,0,0,0,4.41,9-24-2002,
AT,FLA,N,0,0,0,0,0,2,1,7,0,0,0,0,0,2,0,0,0,0,0,0,0,0,0,0,0,4.35,9-29-2002,
AT,FLA,N,0,0,0,0,0,0.1,0,1,0,0,0,0,0,0,0,0,0,0,0,0,0,0,0,0,0,0.00,3-31-2003,
AT,FLA,N,0,0,0,0,0,0.1,0,1,0,0,0,0,0,0,0,0,0,0,0,0,0,0,0,0,0,0.00,4- 2-2003,
VS,PIT,N,0,0,0,0,0,1,1,4,0,0,0,0,0,1,0,0,0,0,0,0,0,0,0,0,0,0.00,4- 5-2003,
VS,PIT,N,0,0,0,0,0,0.2,0,1,0,0,0,0,0,0,0,0,0,0,0,0,0,1,0,0,0,0.00,4- 6-2003,
VS,ATL,N,0,0,0,0,0,1.2,2,7,0,0,0,0,0,1,1,0,0,0,0,1,0,0,0,0,0,0.00,4- 8-2003,
AT,CIN,N,0,0,0,0,0,1,0,3,0,0,0,0,0,0,0,0,0,0,0,0,0,0,0,0,0,0.00,4-11-2003,
AT,CIN,N,0,0,0,0,0,0.1,1,2,0,0,0,0,0,1,0,0,0,0,0,0,0,0,0,0,0,0.00,4-12-2003,
VS,FLA,N,0,0,0,0,0,0.2,0,1,0,0,0,0,0,0,0,0,0,0,0,0,0,1,0,0,0,0.00,4-14-2003,
VS,FLA,N,0,0,0,0,0,0.1,2,4,0,1,1,1,0,1,0,0,0,0,0,1,0,0,0,0,0,1.42,4-15-2003,
AT,ATL,N,0,0,0,0,0,1,0,5,0,0,0,2,0,1,0,0,0,0,0,0,0,0,0,0,0,1.23,4-20-2003,
VS,COL,N,0,0,0,0,0,1,2,6,0,2,2,1,0,2,0,0,0,0,0,1,0,0,0,0,0,3.24,4-23-2003,
VS,SF,N,0,0,0,1,0,1.1,2,8,1,1,1,1,0,2,0,0,0,0,0,0,0,0,1,0,0,3.72,4-25-2003,
AT,LA,N,0,0,0,0,0,1,1,3,0,0,0,0,0,0,0,0,0,0,0,0,0,1,0,0,0,3.38,4-30-2003,
AT,LA,N,0,0,0,0,0,2,0,7,0,0,0,1,0,1,0,0,0,0,0,0,0,0,0,0,0,2.84,5- 1-2003,
AT,SD,N,0,0,0,0,0,0.1,3,4,0,3,2,0,0,0,0,0,0,0,0,1,0,0,0,0,0,4.15,5- 3-2003,
AT,SD,N,0,0,0,0,0,0,0,1,0,0,0,1,0,0,0,0,0,0,0,0,0,0,0,0,0,4.15,5- 4-2003,
AT,ARI,N,0,0,0,1,0,0.2,1,4,0,1,1,1,1,0,1,1,0,0,0,1,0,0,0,0,1,4.61,5- 6-2003,
VS,HOU,N,0,0,0,0,0,0.1,1,3,0,0,0,0,0,0,0,0,0,1,0,0,0,0,0,0,0,4.50,5- 9-2003,
VS,HOU,N,0,0,0,0,0,2,2,9,0,0,0,1,1,1,0,0,0,0,0,2,0,0,0,0,0,3.94,5-11-2003,
VS,ARI,N,0,0,0,1,0,0.1,0,1,0,0,0,0,0,0,0,0,0,0,0,0,0,0,0,0,0,3.86,5-14-2003,
AT,HOU,N,0,0,0,1,0,1,2,4,0,0,0,0,0,0,0,0,1,0,0,0,0,1,0,0,0,3.63,5-16-2003,
AT,HOU,N,0,0,0,0,0,2,2,8,0,1,0,0,0,3,0,0,0,0,0,1,0,0,0,0,0,3.26,5-17-2003,
AT,NY,N,0,0,0,0,0,1.2,1,7,0,0,0,2,0,1,0,0,0,0,0,0,0,1,0,0,0,3.00,5-20-2003,
AT,NY,N,0,0,0,1,0,1,3,6,0,1,1,0,0,0,0,0,0,0,0,0,0,0,0,0,1,3.27,5-21-2003,
VS,NY,N,0,0,0,0,0,0.1,4,5,0,2,2,0,0,1,0,0,0,0,0,0,0,0,0,0,0,4.03,5-28-2003,
VS,NY,N,0,0,0,1,0,1,0,3,0,0,0,0,0,0,0,0,0,0,0,0,0,0,0,0,0,3.86,5-29-2003,
VS,MON,N,0,0,0,0,0,2,0,6,0,0,0,0,0,1,0,0,0,0,0,0,0,0,0,0,0,3.55,6- 1-2003,2
VS,SEA,A,0,0,0,0,0,2,2,8,0,0,0,0,0,4,0,0,0,0,0,1,0,0,0,0,0,3.29,6- 4-2003,
VS,OAK,A,0,0,0,1,0,2,2,9,0,2,2,1,0,2,0,0,1,0,0,1,0,0,0,0,0,3.68,6- 6-2003,
AT,ANA,A,0,0,0,1,0,2.2,0,7,0,0,0,0,0,0,0,0,0,0,0,0,0,0,0,0,0,3.38,6-10-2003,
AT,CIN,N,0,0,0,1,0,1,3,6,0,1,1,0,0,1,0,0,0,0,0,0,0,0,0,0,0,3.55,6-14-2003,
VS,ATL,N,0,0,0,0,0,1.1,0,4,0,0,0,0,0,1,0,0,0,0,0,0,0,0,0,0,0,3.41,6-17-2003,
VS,BOS,A,0,0,0,0,0,1.1,2,5,0,0,0,0,0,1,0,0,0,0,0,1,0,1,0,0,0,3.28,6-21-2003,
AT,ATL,N,0,0,0,1,0,1,1,3,0,0,0,0,0,0,0,0,0,0,0,0,0,1,0,0,0,3.19,6-24-2003,
AT,ATL,N,0,0,0,0,0,1,0,3,0,0,0,0,0,0,0,0,0,0,0,0,0,0,0,0,0,3.11,6-26-2003,
AT,BAL,A,0,0,0,0,0,2,2,8,0,0,0,0,0,1,0,0,0,0,0,0,0,0,0,0,0,2.95,6-27-2003,
AT,BAL,A,0,0,0,0,0,1,0,3,0,0,0,0,0,1,0,0,0,0,0,0,0,0,0,0,0,2.88,6-28-2003,
VS,CHI,N,0,0,0,0,0,0.2,1,3,0,0,0,0,0,0,0,0,0,0,0,0,0,0,0,0,0,2.83,6-30-2003,
VS,CHI,N,0,0,0,1,0,1,0,3,0,0,0,0,0,0,0,0,0,0,0,0,0,0,0,1,0,2.76,7- 1-2003,
VS,FLA,N,0,0,0,1,0,2,1,7,0,0,0,0,0,4,0,0,0,0,0,0,0,0,0,0,0,2.64,7- 6-2003,
AT,MON,N,0,0,0,0,0,0.2,0,2,0,0,0,0,0,0,0,0,0,0,0,0,0,0,0,0,0,2.60,7- 8-2003,
AT,NY,N,0,0,0,1,0,1.1,3,8,0,1,1,1,1,0,0,0,0,0,0,1,0,0,0,0,1,2.72,7-13-2003,
VS,MON,N,0,0,0,0,0,2,0,6,0,0,0,0,0,3,0,0,0,0,0,0,0,0,0,0,0,2.61,7-18-2003,
VS,NY,N,0,0,0,0,0,1.1,1,4,0,0,0,0,0,1,0,0,0,0,0,0,0,1,0,0,0,2.54,7-21-2003,
VS,NY,N,0,0,0,0,0,1,0,3,0,0,0,0,0,2,0,0,0,0,0,0,0,0,0,0,0,2.49,7-22-2003,
AT,FLA,N,0,0,0,0,0,1,1,5,0,0,0,1,0,0,0,0,0,0,0,0,0,0,0,0,0,2.44,7-25-2003,
AT,FLA,N,0,0,0,1,0,0.2,1,4,0,0,0,1,0,1,0,0,0,0,0,0,0,0,0,0,0,2.41,7-26-2003,
AT,FLA,N,0,0,0,0,0,0.2,1,3,0,0,0,1,0,1,0,0,0,0,0,0,0,0,0,0,0,2.38,7-27-2003,
AT,CIN,N,0,0,0,1,0,0,2,4,0,1,1,2,1,0,0,0,0,0,0,0,0,0,0,0,1,2.55,7-28-2003,
VS,LA,N,0,0,0,0,0,1,0,4,0,0,0,1,0,0,0,0,0,0,0,0,0,0,0,0,0,2.50,7-31-2003,
VS,SD,N,0,0,0,0,0,2,2,9,0,0,0,1,0,2,0,0,0,0,0,0,0,0,0,0,0,2.41,8- 2-2003,2
VS,SD,N,0,0,0,0,0,0.2,0,1,0,0,0,0,0,0,0,0,0,0,0,0,0,1,0,0,0,2.38,8- 3-2003,
AT,COL,N,0,0,0,1,0,1,1,4,0,0,0,0,0,1,0,0,0,0,0,0,0,0,0,0,0,2.34,8- 5-2003,
AT,SF,N,0,0,0,0,0,1,0,3,0,0,0,0,0,2,0,0,0,0,0,0,0,0,0,0,0,2.30,8- 8-2003,
AT,SF,N,0,0,0,0,0,0.1,0,1,0,0,0,0,0,1,0,0,0,0,0,0,0,0,0,0,0,2.29,8- 9-2003,
VS,MIL,N,0,0,0,0,0,0.1,1,2,0,0,0,0,0,0,0,0,0,0,0,0,0,0,0,0,0,2.28,8-12-2003,
VS,MIL,N,0,0,0,0,0,0,1,1,0,1,1,0,0,0,0,0,0,0,0,0,0,0,0,0,0,2.43,8-14-2003,
VS,STL,N,0,0,0,0,0,2,1,7,0,0,0,0,0,1,1,0,0,0,0,0,1,0,0,0,0,2.35,8-15-2003,
VS,STL,N,0,0,0,0,0,1,1,4,0,0,0,1,0,0,0,0,0,0,0,1,0,1,0,0,0,2.31,8-16-2003,
VS,STL,N,0,0,0,0,0,0.2,0,3,0,0,0,0,0,1,0,0,1,1,0,0,0,0,0,0,0,2.29,8-17-2003,
AT,MIL,N,0,0,0,0,0,0.1,1,2,0,0,0,0,0,0,0,0,0,0,0,0,0,0,0,0,0,2.27,8-19-2003,
AT,MIL,N,0,0,0,0,0,2,1,6,0,0,0,1,0,1,0,0,0,0,0,0,0,1,0,0,0,2.20,8-21-2003,
AT,STL,N,0,0,0,0,0,0.1,0,1,0,0,0,0,0,0,0,0,0,0,0,0,0,0,0,0,0,2.19,8-22-2003,
AT,STL,N,0,0,0,0,0,1,2,5,0,1,1,0,0,0,0,1,0,0,0,0,0,0,0,0,0,2.30,8-23-2003,
AT,MON,N,0,0,0,0,0,0.1,3,4,0,3,3,0,0,0,0,0,1,0,0,0,0,0,0,0,0,2.69,8-26-2003,
AT,ATL,N,0,0,0,0,0,1,1,5,0,0,0,1,0,2,0,0,0,0,0,0,0,0,0,0,0,2.65,9-11-2003,
VS,DET,A,0,0,0,0,0,1,1,4,1,1,1,0,0,0,0,0,0,0,0,0,0,0,0,0,0,9.00,4- 6-2004,
VS,DET,A,0,0,0,0,0,1.1,0,5,0,0,0,1,0,1,0,0,0,0,0,0,0,0,0,0,0,3.86,4- 7-2004,
AT,BOS,A,0,0,0,0,0,0.2,0,3,0,0,0,1,0,0,0,0,0,0,0,0,0,0,0,0,0,3.00,4- 9-2004,
AT,BOS,A,0,0,0,0,0,0.1,0,2,0,1,1,1,0,0,0,0,0,0,0,0,0,0,0,0,0,5.40,4-11-2004,
AT,DET,A,0,0,0,0,0,1,1,6,0,0,0,2,1,1,1,0,1,0,0,0,0,0,0,1,0,4.15,4-13-2004,
VS,BAL,A,0,0,0,1,0,1,0,4,0,0,0,0,0,1,0,0,0,0,0,0,0,0,1,0,0,3.38,4-16-2004,
VS,BAL,A,0,0,0,0,0,0.1,1,3,0,0,0,1,0,1,0,0,0,0,0,0,0,0,0,0,0,3.18,4-17-2004,
VS,BOS,A,0,0,0,1,0,2,0,6,0,0,0,0,0,3,0,0,0,0,0,0,0,0,0,0,0,2.35,4-20-2004,
VS,BOS,A,0,0,0,1,0,2,1,8,0,0,0,1,0,2,0,0,1,0,0,0,0,0,0,1,0,1.86,4-22-2004,
AT,BAL,A,0,0,0,0,0,1.1,0,4,0,0,0,0,0,0,0,0,0,0,0,0,0,0,0,0,0,1.64,4-24-2004,
AT,MIN,A,0,0,0,1,0,0.2,2,5,0,2,2,1,1,0,0,0,2,0,0,0,0,0,0,0,0,3.09,4-28-2004,
AT,CHI,A,0,0,0,0,0,1.2,1,7,0,0,0,1,0,1,1,0,0,0,0,0,0,0,0,0,0,2.70,5- 1-2004,1
AT,CHI,A,0,0,0,1,0,1,1,4,0,0,0,1,0,1,0,0,0,0,0,0,0,1,0,0,0,2.51,5- 1-2004,2
VS,KC,A,0,0,0,1,0,1,2,5,1,1,1,0,0,1,0,0,1,0,0,0,0,0,0,0,1,2.93,5- 3-2004,
VS,CHI,A,0,0,0,1,0,1,2,5,0,0,0,0,0,1,0,0,0,0,0,0,0,0,0,1,0,2.76,5- 7-2004,
VS,CHI,A,0,0,0,1,1,1,2,5,0,0,0,0,0,0,0,0,0,0,0,0,0,0,0,0,0,2.60,5- 8-2004,
AT,KC,A,0,0,0,1,0,1,2,6,0,2,2,1,0,0,0,0,0,0,0,1,0,0,0,0,1,3.44,5-12-2004,
VS,BOS,A,0,0,0,1,1,1,1,4,0,0,0,0,0,2,0,0,1,0,0,0,0,0,0,0,0,3.26,5-16-2004,
VS,MIN,A,0,0,0,1,1,1,2,6,0,1,1,1,0,2,1,0,0,0,0,0,0,0,0,0,0,3.54,5-18-2004,
VS,MIN,A,0,0,0,1,0,1,4,7,1,4,4,0,0,1,0,0,0,0,0,0,0,0,0,0,1,5.06,5-19-2004,
AT,BOS,A,0,0,0,1,0,0.2,1,4,0,0,0,1,0,0,0,0,0,0,0,0,0,0,0,0,0,4.91,5-21-2004,
AT,BOS,A,0,0,0,1,0,1.2,3,7,0,2,1,0,0,0,0,0,0,0,0,0,0,1,0,0,0,4.94,5-22-2004,
VS,ANA,A,0,0,0,0,0,1,1,4,0,0,0,0,0,2,0,0,0,0,0,0,0,0,0,0,0,4.74,5-24-2004,
VS,ANA,A,0,0,0,1,0,2,1,7,0,0,0,0,0,1,0,0,0,0,0,1,0,0,0,1,0,4.39,5-26-2004,
VS,TEX,A,0,0,0,0,0,1,2,5,1,2,2,0,0,2,0,0,0,0,0,0,0,0,0,0,0,4.88,5-28-2004,
AT,SEA,A,0,0,0,1,0,0.2,1,4,0,0,0,0,0,0,0,1,0,1,0,0,0,0,0,0,0,4.76,5-31-2004,
AT,OAK,A,0,0,0,1,0,0.2,1,3,0,1,1,0,0,0,0,1,0,0,0,1,0,0,0,0,1,4.97,6- 3-2004,
VS,LA,N,0,0,0,0,0,1,0,4,0,0,0,0,0,1,0,0,0,0,0,0,0,0,1,0,0,4.80,6-10-2004,
VS,ARI,N,0,0,0,1,0,0.1,1,3,0,0,0,1,0,1,0,0,0,0,0,0,0,0,0,0,0,4.75,6-11-2004,
AT,SF,N,0,0,0,0,0,1,1,4,0,0,0,0,0,1,0,0,0,0,0,0,0,0,0,0,0,4.60,6-16-2004,
AT,SF,N,0,0,0,0,0,0.1,0,2,0,0,0,1,0,0,0,0,0,0,0,0,0,0,0,0,0,4.55,6-17-2004,
VS,TB,A,0,0,0,1,0,1,0,3,0,0,0,0,0,1,0,0,0,0,0,0,0,0,0,0,0,4.41,6-22-2004,
VS,TB,A,0,0,0,1,0,1.2,2,10,0,1,1,4,0,0,0,0,0,0,0,0,0,1,0,0,0,4.46,6-24-2004,
VS,MON,N,0,0,0,0,0,2,2,8,0,0,0,0,0,1,0,0,0,0,0,2,0,0,0,0,0,4.21,6-27-2004,
AT,TB,A,0,0,0,0,0,1,0,3,0,0,0,0,0,2,0,0,0,0,0,0,0,0,0,0,0,4.10,7- 1-2004,
AT,MON,N,0,0,0,0,0,0.1,0,2,0,1,1,1,0,1,0,0,0,0,0,0,0,0,0,0,0,4.30,7- 2-2004,
AT,MON,N,0,0,0,0,0,0.1,2,4,0,1,1,1,0,0,0,0,0,0,0,1,0,0,0,0,0,4.50,7- 4-2004,
VS,ANA,A,0,0,0,0,0,1,2,6,0,0,0,1,0,1,0,0,0,0,0,0,0,0,0,0,0,4.38,7- 9-2004,
AT,TEX,A,0,0,0,0,0,1,2,4,0,0,0,0,0,1,0,0,0,0,0,0,1,1,0,0,0,4.28,7-16-2004,
AT,OAK,A,0,0,0,0,0,1.2,3,7,0,0,0,0,0,1,0,0,0,0,0,0,0,1,0,0,0,4.10,7-20-2004,
AT,NY,A,0,0,0,0,0,0.1,0,1,0,0,0,0,0,0,0,0,0,0,0,0,0,0,0,0,0,4.07,7-22-2004,
VS,TB,A,0,0,0,0,0,1,1,3,0,0,0,0,0,1,0,0,0,0,0,0,0,1,0,0,0,3.98,7-23-2004,
VS,NY,A,0,0,0,0,0,0.1,1,3,0,0,0,1,0,1,0,0,0,0,0,1,0,0,0,0,0,0.00,7-25-2004,
AT,BAL,A,0,0,0,0,0,0.2,1,4,0,0,0,1,0,1,0,0,0,0,0,0,0,0,0,0,0,0.00,7-26-2004,
AT,DET,A,0,0,0,0,0,0.2,1,3,0,0,0,0,0,0,0,0,0,0,0,0,0,0,0,0,0,0.00,8- 6-2004,
VS,TB,A,0,0,0,0,0,2,1,7,1,1,1,0,0,3,0,0,0,0,0,0,0,0,0,0,0,2.45,8- 9-2004,
VS,TB,A,0,0,0,0,0,1,1,4,0,1,1,0,0,1,0,1,0,0,0,1,0,0,0,0,0,3.86,8-10-2004,
VS,CHI,A,0,0,0,0,0,0.1,2,4,0,2,2,1,1,1,0,0,0,0,0,1,0,0,0,0,0,7.20,8-13-2004,
AT,CHI,A,0,0,0,0,0,1,1,4,1,1,1,0,0,2,0,0,0,0,0,0,0,0,0,0,0,7.50,8-21-2004,
AT,TOR,A,0,0,0,0,0,1.1,4,9,0,4,4,1,0,2,0,0,1,0,0,0,0,0,0,0,0,11.05,8-25-2004,
VS,ANA,A,0,0,0,0,0,2.1,1,7,0,0,0,1,0,0,0,0,0,0,0,1,0,0,0,1,0,8.38,9- 1-2004,
VS,TEX,A,0,0,0,0,0,1.1,2,6,0,0,0,0,0,0,0,0,0,0,0,0,0,1,1,0,0,7.36,9- 4-2004,
AT,OAK,A,0,0,0,0,0,1,3,7,0,1,1,1,0,0,0,0,0,0,0,0,0,0,0,0,0,7.50,9- 8-2004,
AT,SEA,A,0,0,0,0,0,1,0,3,0,0,0,0,0,1,0,0,0,0,0,0,0,0,0,0,0,6.92,9- 9-2004,
VS,TB,A,0,0,0,1,0,1.1,2,5,0,0,0,0,0,1,0,0,0,0,0,0,0,0,0,0,0,6.28,9-16-2004,
AT,NY,A,0,0,0,0,0,3,5,15,1,3,3,0,0,3,0,0,1,1,0,0,0,0,0,0,0,6.75,9-18-2004,
VS,BAL,A,0,0,0,0,0,2,0,6,0,0,0,0,0,2,0,0,0,0,0,0,0,0,0,0,0,6.05,9-23-2004,
VS,NY,A,0,0,0,0,0,1,2,5,1,1,1,0,0,1,0,0,0,0,0,0,0,0,0,0,0,6.20,9-26-2004,
AT,TB,A,0,0,0,0,0,2.2,4,12,1,3,3,0,0,1,0,1,0,0,0,1,0,0,0,0,0,6.65,9-28-2004,
AT,BAL,A,0,0,0,0,0,2,2,8,1,1,1,0,0,1,0,0,0,0,0,0,0,0,0,1,0,6.48,10- 2-2004,1
AT,BAL,A,0,0,0,0,0,2,2,7,0,1,0,0,0,0,0,1,0,0,0,0,0,1,0,0,0,6.00,10- 3-2004,
VS,WAS,N,0,0,0,1,0,1,2,7,0,1,1,2,2,1,0,0,0,0,0,2,0,0,0,0,0,9.00,4- 6-2005,
AT,STL,N,0,0,0,0,0,0.2,2,4,0,1,1,0,0,0,0,0,0,0,0,1,0,0,0,0,0,10.80,4- 8-2005,
AT,FLA,N,0,0,0,0,0,1,2,5,1,1,1,0,0,0,0,0,0,0,0,0,0,0,0,0,0,10.12,4-12-2005,
AT,FLA,N,0,0,0,0,0,2,0,6,0,0,0,0,0,0,0,0,0,1,0,0,0,1,0,0,0,5.79,4-13-2005,
VS,NY,N,0,0,0,1,0,1,1,5,0,0,0,1,0,1,0,0,0,0,0,0,0,0,0,0,0,4.76,4-19-2005,
AT,ATL,N,0,0,0,0,0,1,1,6,1,2,2,2,0,1,0,0,0,0,0,0,0,0,0,0,0,6.75,4-22-2005,
AT,ATL,N,0,0,0,1,0,1,1,4,0,0,0,0,0,0,0,0,0,0,0,0,0,0,0,0,0,5.87,4-24-2005,
AT,WAS,N,0,0,0,1,0,0.1,2,4,0,0,0,1,0,0,0,0,0,0,0,0,0,0,0,0,0,5.62,4-26-2005,
VS,FLA,N,0,0,0,0,0,1,2,5,0,1,1,0,0,0,0,0,0,0,0,1,0,0,0,0,0,6.00,4-29-2005,
AT,NY,N,0,0,0,0,0,0.1,3,5,1,4,4,1,0,0,0,0,0,0,0,0,0,0,0,0,1,9.64,5- 2-2005,
AT,MIL,N,0,0,0,0,0,0.1,3,6,0,4,4,1,0,0,1,0,0,1,0,0,0,0,0,0,1,13.03,5-10-2005,
VS,CIN,N,0,0,0,1,0,1,1,4,0,0,0,0,0,0,0,0,0,0,0,0,0,0,0,0,0,11.81,5-14-2005,
VS,CIN,N,0,0,0,0,0,0.2,0,2,0,0,0,0,0,0,0,0,0,0,0,0,0,0,0,0,0,11.12,5-15-2005,
AT,BAL,A,0,0,0,0,0,1,1,5,0,1,1,0,0,0,0,0,0,1,0,1,0,0,0,0,0,10.95,5-20-2005,
AT,BAL,A,0,0,0,0,0,0.2,2,6,0,3,3,2,0,0,0,0,0,1,0,1,0,1,0,0,0,12.46,5-21-2005,
AT,FLA,N,0,0,0,0,0,0.1,2,3,0,1,1,0,0,1,0,0,0,0,0,2,0,0,0,0,0,12.82,5-23-2005,
